event_id,event_date,landslide_category,landslide_trigger,landslide_size,landslide_setting,latitude,longitude,fatality_count,state,elevation_m,slope_percent
2164,07/29/2010 11:00:00 PM,landslide,downpour,medium,unknown,25.3098633,94.48214677,0.0,Manipur,1559.0,0.8108108108108109
5122,07/17/2013 12:00:00 AM,mudslide,rain,medium,unknown,25.7658,93.9413,0.0,Nagaland,796.0,22.61261261261261
5123,07/17/2013 12:00:00 AM,mudslide,rain,medium,unknown,25.7131,94.0885,0.0,Nagaland,1402.0,7.342342342342342
7370,08/01/2015 12:00:00 AM,landslide,continuous_rain,medium,above_road,24.1419,94.1078,0.0,Manipur,1187.0,2.3873873873873874
5084,07/12/2013 11:00:00 PM,landslide,downpour,medium,unknown,25.616,94.1167,0.0,Nagaland,1603.0,27.117117117117118
2566,10/08/2010 12:00:00 AM,mudslide,downpour,medium,unknown,25.4769,94.1351,0.0,Nagaland,1684.0,18.873873873873872
1109,08/20/2009 12:00:00 AM,landslide,downpour,medium,unknown,25.5215,93.1645,0.0,Assam,279.0,2.6126126126126126
1961,06/09/2010 02:15:00 PM,landslide,downpour,medium,unknown,25.8833,91.2,0.0,Meghalaya,247.0,8.963963963963964
2578,10/09/2010 12:00:00 AM,landslide,downpour,medium,unknown,25.3179,94.0462,0.0,Nagaland,996.0,3.3333333333333335
322,10/21/2007 12:00:00 AM,landslide,rain,medium,unknown,24.75,93.4333,,Assam,546.0,14.45945945945946
5552,09/24/2013 12:00:00 AM,landslide,unknown,medium,unknown,25.0985,94.3619,,Manipur,1889.0,1.3513513513513513
7031,05/24/2015 12:00:00 AM,landslide,unknown,medium,above_road,27.6163,88.6586,0.0,Sikkim,1875.0,17.792792792792792
2025,06/28/2010 12:00:00 AM,landslide,downpour,medium,unknown,25.5728,91.885,1.0,Meghalaya,1496.0,3.558558558558558
9405,04/19/2016 12:00:00 AM,landslide,continuous_rain,medium,unknown,26.7223,95.0243,0.0,Nagaland,692.0,0.6756756756756757
5343,08/17/2013 11:00:00 PM,landslide,continuous_rain,medium,unknown,24.7625,93.4341,,Assam,681.0,12.837837837837837
6971,06/09/2015 12:00:00 AM,landslide,continuous_rain,medium,above_road,27.0987,93.816,2.0,Arunachal Pradesh,211.0,6.126126126126126
1611,04/01/2010 12:00:00 AM,landslide,downpour,medium,unknown,25.1553,93.028,3.0,Assam,565.0,1.0360360360360361
147,07/30/2007 12:00:00 AM,landslide,downpour,medium,unknown,22.533,92.899,,Mizoram,793.0,18.28828828828829
4382,06/03/2012 12:00:00 AM,landslide,downpour,medium,unknown,25.1175,92.8573,,Assam,158.0,14.234234234234233
1112,08/20/2009 12:00:00 AM,mudslide,downpour,medium,unknown,27.1761,88.5287,0.0,Sikkim,314.0,0.4954954954954955
2424,09/13/2010 12:00:00 AM,landslide,downpour,medium,unknown,23.591,92.9296,0.0,Mizoram,801.0,2.1621621621621623
78,05/23/2007 12:00:00 AM,landslide,rain,medium,unknown,27.3383,88.6069,,Sikkim,1517.0,31.62162162162162
5431,09/01/2013 12:00:00 AM,mudslide,continuous_rain,medium,unknown,24.9829,93.5063,0.0,Assam,1284.0,14.819819819819822
3672,06/29/2011 12:00:00 AM,landslide,downpour,medium,unknown,25.5125,93.3613,0.0,Assam,320.0,2.7027027027027026
2253,08/15/2010 11:00:00 PM,landslide,downpour,medium,unknown,25.31006064,94.48265093,0.0,Manipur,1571.0,4.0990990990990985
1108,08/20/2009 12:00:00 AM,landslide,downpour,medium,unknown,24.9925,93.5,0.0,Assam,1206.0,12.432432432432433
6105,06/26/2014 11:00:00 PM,landslide,continuous_rain,medium,above_road,28.9205,95.3429,0.0,Arunachal Pradesh,4060.0,12.747747747747749
9168,06/12/2016 11:00:00 PM,landslide,downpour,medium,above_road,27.6438,93.871,0.0,Arunachal Pradesh,1682.0,12.972972972972974
3560,05/31/2011 02:30:00 PM,landslide,downpour,medium,unknown,24.8286,93.5935,2.0,Manipur,777.0,12.927927927927929
587,06/15/2008 12:00:00 AM,landslide,downpour,medium,unknown,27.2298,94.0989,17.0,Assam,95.0,0.13513513513513514
8012,09/06/2015 03:00:00 PM,landslide,unknown,medium,above_road,25.9703,91.8584,0.0,Meghalaya,299.0,0.6306306306306306
7335,08/18/2015 09:00:00 AM,landslide,continuous_rain,medium,urban,25.5145,90.2023,0.0,Meghalaya,279.0,5.900900900900901
141,07/26/2007 12:00:00 AM,landslide,rain,medium,unknown,25.38,91.88,,Meghalaya,1283.0,12.837837837837837
3983,09/23/2011 12:00:00 AM,landslide,downpour,large,unknown,26.1548,91.7351,4.0,Assam,55.0,2.2972972972972974
148,07/30/2007 12:00:00 AM,landslide,downpour,medium,unknown,22.479,92.967,,Mizoram,472.0,22.61261261261261
1775,04/21/2010 12:00:00 AM,landslide,downpour,medium,unknown,27.8965,96.1779,12.0,Arunachal Pradesh,202.0,0.09009009009009009
3663,06/28/2011 12:00:00 AM,landslide,downpour,medium,unknown,25.6682,94.1099,0.0,Nagaland,1439.0,0.04504504504504504
7385,08/01/2015 12:00:00 AM,landslide,continuous_rain,medium,unknown,24.004,93.9815,0.0,Manipur,1496.0,9.144144144144144
2575,10/09/2010 12:00:00 AM,landslide,downpour,medium,unknown,25.5242,92.9914,0.0,Assam,147.0,0.09009009009009009
3840,07/25/2011 12:00:00 AM,landslide,downpour,medium,unknown,24.6869,93.9157,0.0,Manipur,772.0,0.0
6015,05/08/2014 12:00:00 AM,mudslide,rain,medium,above_road,27.9032,96.174,0.0,Arunachal Pradesh,197.0,0.0
3741,07/07/2011 12:00:00 AM,landslide,rain,medium,unknown,25.4191,94.1079,0.0,Nagaland,1395.0,3.9189189189189193
2106,07/20/2010 12:00:00 AM,landslide,downpour,medium,unknown,26.8716,94.9921,0.0,Nagaland,288.0,8.018018018018019
9051,07/19/2016 09:00:00 AM,landslide,unknown,medium,natural_slope,26.09748244,91.8744337,0.0,Meghalaya,188.0,4.324324324324325
870,10/29/2008 12:00:00 AM,mudslide,downpour,medium,unknown,27.4,92.35,12.0,Arunachal Pradesh,2628.0,7.4324324324324325
2392,09/04/2010 12:00:00 AM,landslide,downpour,medium,unknown,27.3702,88.7334,0.0,Sikkim,3520.0,23.333333333333332
3830,07/22/2011 12:00:00 AM,landslide,downpour,small,unknown,24.3527,94.3429,0.0,Manipur,285.0,2.117117117117117
4906,06/07/2013 12:00:00 AM,landslide,unknown,medium,unknown,26.0977,94.7499,,Nagaland,1538.0,22.52252252252252
3269,03/22/2011 12:00:00 AM,landslide,downpour,medium,unknown,28.0791,96.5242,0.0,Arunachal Pradesh,554.0,16.396396396396394
1755,04/17/2010 03:00:00 PM,landslide,downpour,small,unknown,27.3341,88.6083,0.0,Sikkim,1418.0,32.11711711711712
6990,06/24/2015 12:00:00 AM,landslide,continuous_rain,medium,above_road,26.0319,94.5466,0.0,Nagaland,1581.0,10.9009009009009
6222,10/01/2014 11:00:00 AM,landslide,unknown,small,above_road,27.1249,93.7706,5.0,Arunachal Pradesh,151.0,5.45045045045045
9169,06/12/2016 12:00:00 AM,landslide,continuous_rain,unknown,above_road,26.1677,94.2442,0.0,Nagaland,754.0,4.324324324324325
4435,06/25/2012 12:00:00 AM,landslide,downpour,large,unknown,27.174,95.8011,,Arunachal Pradesh,295.0,5.900900900900901
4313,04/08/2012 12:00:00 AM,landslide,downpour,medium,unknown,28.4659,95.86,0.0,Arunachal Pradesh,1026.0,20.585585585585587
2344,08/27/2010 04:30:00 PM,landslide,downpour,medium,unknown,24.7505,93.4221,0.0,Assam,772.0,2.3873873873873874
7263,07/22/2015 12:00:00 AM,landslide,continuous_rain,medium,above_road,25.4477,94.0489,0.0,Manipur,1287.0,12.117117117117116
5271,08/04/2013 12:00:00 AM,landslide,continuous_rain,medium,unknown,26.284,94.5808,,Nagaland,728.0,2.3423423423423424
4424,06/20/2012 12:00:00 AM,landslide,downpour,medium,unknown,26.149,91.7351,,Assam,52.0,2.3873873873873874
3525,05/22/2011 12:00:00 AM,landslide,downpour,medium,unknown,25.0672,93.4093,0.0,Assam,460.0,5.135135135135135
7369,08/01/2015 12:00:00 AM,landslide,continuous_rain,medium,above_road,24.1988,94.1016,0.0,Manipur,1345.0,4.324324324324325
4892,06/01/2013 12:00:00 AM,landslide,downpour,large,unknown,27.8776,94.25,,Arunachal Pradesh,993.0,16.35135135135135
4377,06/02/2012 12:00:00 AM,landslide,downpour,large,unknown,26.1475,91.7356,,Assam,52.0,3.0180180180180183
5430,09/01/2013 12:00:00 AM,mudslide,continuous_rain,medium,unknown,24.9037,93.487,0.0,Manipur,1272.0,6.936936936936937
7264,07/22/2015 12:00:00 AM,landslide,continuous_rain,medium,above_road,25.4538,93.9827,0.0,Manipur,1779.0,37.972972972972975
5006,07/01/2013 12:00:00 AM,landslide,downpour,medium,unknown,26.1147,94.3864,0.0,Nagaland,362.0,3.3333333333333335
256,09/10/2007 12:00:00 AM,landslide,rain,medium,unknown,27.3425,88.6236,,Sikkim,2102.0,33.01801801801802
9335,05/18/2016 08:00:00 AM,landslide,continuous_rain,unknown,unknown,24.5202,92.7239,2.0,Assam,39.0,0.36036036036036034
7279,07/24/2015 12:00:00 AM,mudslide,monsoon,medium,other,24.9818,93.5142,0.0,Manipur,1238.0,11.126126126126126
6288,09/22/2014 12:00:00 AM,landslide,rain,small,unknown,26.1985,91.7998,0.0,Assam,92.0,0.8108108108108109
5087,07/12/2013 12:00:00 AM,landslide,downpour,medium,unknown,25.6269,94.1139,0.0,Nagaland,1558.0,19.954954954954953
258,09/11/2007 12:00:00 AM,landslide,rain,medium,unknown,24.4279,94.0564,3.0,Manipur,885.0,2.1621621621621623
5338,08/16/2013 12:00:00 AM,landslide,rain,medium,unknown,26.8727,94.9275,,Assam,128.0,0.04504504504504504
2411,09/10/2010 12:00:00 AM,landslide,downpour,medium,unknown,27.0011,93.7273,0.0,Arunachal Pradesh,109.0,0.18018018018018017
6143,07/14/2014 06:00:00 PM,landslide,downpour,medium,unknown,23.7327,92.7463,1.0,Mizoram,846.0,5.540540540540541
4908,06/08/2013 05:00:00 PM,landslide,downpour,medium,unknown,27.3721,88.708,0.0,Sikkim,3172.0,55.81081081081081
9124,07/19/2016 12:00:00 AM,translational_slide,continuous_rain,large,natural_slope,25.203,90.5573,0.0,Meghalaya,128.0,9.81981981981982
2282,08/19/2010 06:30:00 AM,landslide,downpour,medium,unknown,26.1984,94.8158,0.0,Nagaland,1849.0,1.5765765765765765
9338,05/18/2016 08:00:00 AM,landslide,continuous_rain,medium,natural_slope,24.4638,92.4943,5.0,Assam,90.0,6.756756756756757
2421,09/13/2010 09:00:00 AM,landslide,downpour,medium,above_road,23.75406693,92.74128531,,Mizoram,994.0,4.63963963963964
2249,08/14/2010 12:00:00 AM,landslide,downpour,medium,unknown,26.0814,94.803,0.0,Nagaland,953.0,2.2072072072072073
8901,07/10/2016 12:00:00 AM,landslide,downpour,medium,above_road,25.7902,94.1318,0.0,Nagaland,1285.0,7.522522522522522
2283,08/19/2010 12:00:00 AM,mudslide,downpour,medium,unknown,24.8961,93.4957,0.0,Manipur,1049.0,0.22522522522522523
4552,09/14/2012 12:00:00 AM,landslide,downpour,medium,unknown,27.0377,88.3603,,Sikkim,1504.0,22.432432432432435
6016,05/09/2014 11:00:00 PM,landslide,rain,small,unknown,24.8669,92.3576,7.0,Assam,18.0,0.09009009009009009
215,08/28/2007 12:00:00 AM,landslide,rain,medium,unknown,25.7428,93.9136,1.0,Nagaland,452.0,8.378378378378379
7780,08/26/2015 12:00:00 AM,landslide,continuous_rain,medium,above_road,23.3572,92.7878,1.0,Mizoram,1372.0,14.90990990990991
2281,08/19/2010 06:00:00 PM,landslide,downpour,medium,above_road,25.61560252,94.11603493,,Nagaland,1634.0,23.783783783783786
1996,06/17/2010 07:30:00 PM,landslide,downpour,medium,unknown,26.4333,94.8833,0.0,Nagaland,535.0,2.0720720720720722
6283,09/22/2014 12:00:00 AM,landslide,rain,small,unknown,26.1314,91.7548,0.0,Assam,81.0,0.7657657657657657
8930,07/11/2016 11:00:00 PM,landslide,unknown,large,unknown,26.1699,94.4922,0.0,Nagaland,1134.0,8.603603603603602
869,10/29/2008 12:00:00 AM,landslide,downpour,medium,unknown,27.2333,94.1167,,Assam,91.0,0.18018018018018017
285,09/29/2007 12:00:00 AM,landslide,rain,medium,unknown,24.1293,92.6921,,Mizoram,825.0,3.9189189189189193
3662,06/28/2011 12:00:00 AM,landslide,rain,medium,below_road,25.03561729,94.0144205,,Manipur,873.0,13.73873873873874
5427,08/15/2013 12:00:00 AM,landslide,downpour,medium,unknown,25.3833,94.1884,,Nagaland,1683.0,10.945945945945947
8339,09/23/2015 12:00:00 AM,landslide,continuous_rain,medium,above_road,26.1666,91.7042,0.0,Assam,231.0,0.45045045045045046
4905,06/07/2013 12:00:00 AM,landslide,unknown,medium,unknown,26.0977,94.7031,,Nagaland,1682.0,43.55855855855856
9186,07/25/2016 12:30:00 PM,landslide,continuous_rain,medium,above_road,25.48,94.1383,0.0,Manipur,1721.0,12.657657657657658
5107,07/15/2013 12:00:00 AM,landslide,rain,medium,unknown,25.6269,94.1139,0.0,Nagaland,1558.0,19.954954954954953
7253,07/22/2015 12:00:00 AM,landslide,continuous_rain,medium,urban,24.7979,92.9974,5.0,Assam,24.0,0.0
6286,09/22/2014 12:00:00 AM,landslide,rain,small,unknown,26.1044,91.7082,0.0,Assam,55.0,4.0990990990990985
594,06/19/2008 12:00:00 AM,mudslide,monsoon,medium,unknown,24.9336,93.8275,,Manipur,1023.0,5.27027027027027
5337,08/16/2013 12:00:00 AM,landslide,rain,medium,unknown,26.4205,94.9731,,Nagaland,690.0,10.09009009009009
3881,08/05/2011 12:00:00 AM,landslide,downpour,medium,unknown,27.1034,93.6885,0.0,Arunachal Pradesh,147.0,0.7657657657657657
3925,08/15/2011 12:00:00 AM,landslide,downpour,medium,unknown,27.4888,93.0153,0.0,Arunachal Pradesh,524.0,4.63963963963964
7383,08/01/2015 12:00:00 AM,landslide,rain,medium,unknown,23.899,94.1434,0.0,Manipur,269.0,7.027027027027027
8900,07/07/2016 12:00:00 AM,landslide,monsoon,large,above_road,25.0118,94.3136,0.0,Manipur,1372.0,5.36036036036036
4757,02/18/2013 12:00:00 AM,landslide,rain,medium,unknown,28.1193,95.1645,3.0,Arunachal Pradesh,823.0,27.027027027027028
7666,08/11/2015 12:00:00 AM,landslide,continuous_rain,medium,unknown,25.1019,93.3729,0.0,Manipur,1133.0,4.72972972972973
2113,07/21/2010 08:00:00 AM,landslide,downpour,medium,unknown,27.3773,88.559,0.0,Sikkim,1437.0,25.135135135135133
2045,07/06/2010 12:00:00 AM,mudslide,monsoon,medium,unknown,26.2363,94.8133,0.0,Nagaland,1560.0,16.71171171171171
7701,08/19/2015 03:00:00 PM,landslide,continuous_rain,medium,above_road,25.6278,94.1051,0.0,Nagaland,1508.0,32.79279279279279
2422,09/13/2010 12:00:00 AM,landslide,downpour,medium,urban,23.74182634,92.7141905,,Mizoram,929.0,9.954954954954955
6513,08/14/2014 11:00:00 PM,mudslide,downpour,medium,unknown,23.0137,91.7174,3.0,Tripura,21.0,0.45045045045045046
4990,06/27/2013 11:00:00 PM,landslide,downpour,medium,unknown,27.3765,88.7628,0.0,Sikkim,3764.0,3.3333333333333335
2248,08/14/2010 12:00:00 AM,landslide,downpour,medium,unknown,26.222,94.9152,0.0,Nagaland,1734.0,22.027027027027028
5268,08/04/2013 12:00:00 AM,landslide,continuous_rain,medium,unknown,26.0137,94.5163,,Nagaland,1715.0,2.4324324324324325
6106,06/26/2014 11:00:00 PM,landslide,continuous_rain,small,unknown,26.1407,91.7645,3.0,Assam,61.0,2.5675675675675675
3965,09/06/2011 08:00:00 AM,landslide,rain,medium,unknown,24.808,93.117,3.0,Assam,38.0,0.2702702702702703
6969,06/16/2015 06:15:00 AM,landslide,downpour,medium,urban,25.5114,90.215,4.0,Meghalaya,305.0,6.486486486486487
2044,07/06/2010 12:00:00 AM,mudslide,monsoon,medium,unknown,25.8877,94.7861,0.0,Nagaland,1160.0,1.2612612612612613
2587,10/10/2010 06:00:00 AM,landslide,downpour,medium,unknown,25.6623,94.1072,0.0,Nagaland,1394.0,6.576576576576576
8684,07/07/2016 12:00:00 AM,landslide,continuous_rain,medium,retaining_wall,25.9611,91.3681,2.0,Assam,187.0,0.45045045045045046
1596,03/27/2010 08:00:00 PM,mudslide,downpour,medium,unknown,24.7339,93.9161,0.0,Manipur,886.0,0.09009009009009009
1771,04/20/2010 12:00:00 AM,landslide,downpour,medium,unknown,26.1978,91.7665,0.0,Assam,92.0,0.4954954954954955
7364,07/31/2015 09:00:00 AM,landslide,continuous_rain,medium,below_road,24.819,94.3551,0.0,Manipur,1615.0,9.864864864864865
6968,06/13/2015 12:00:00 AM,landslide,continuous_rain,medium,unknown,25.463,92.2121,4.0,Meghalaya,1372.0,2.1621621621621623
7373,08/01/2015 12:00:00 AM,landslide,continuous_rain,medium,above_road,24.9111,94.4759,,Manipur,1804.0,4.90990990990991
4570,09/19/2012 12:00:00 AM,landslide,downpour,medium,unknown,27.8458,95.2253,,Arunachal Pradesh,134.0,0.22522522522522523
1935,06/03/2010 12:00:00 AM,landslide,downpour,medium,unknown,23.8986,91.7599,0.0,Tripura,212.0,2.4324324324324325
2577,10/09/2010 12:00:00 AM,landslide,downpour,medium,unknown,25.5265,93.8673,0.0,Nagaland,1354.0,29.324324324324323
7276,07/25/2015 09:00:00 AM,landslide,continuous_rain,medium,natural_slope,26.1062,91.8717,2.0,Assam,247.0,
2576,10/09/2010 12:00:00 AM,landslide,downpour,medium,unknown,25.4788,94.1399,0.0,Nagaland,1660.0,13.108108108108107
6293,10/20/2014 12:00:00 AM,landslide,rain,medium,unknown,25.5006,90.0896,6.0,Meghalaya,48.0,2.837837837837838
4858,05/11/2013 09:00:00 AM,landslide,rain,medium,unknown,26.1662,91.7138,,Assam,165.0,0.6306306306306306
5269,08/04/2013 12:00:00 AM,landslide,continuous_rain,medium,unknown,25.8376,94.5234,,Nagaland,801.0,1.0810810810810811
5270,08/04/2013 12:00:00 AM,landslide,continuous_rain,medium,unknown,26.0481,94.4619,,Nagaland,856.0,18.603603603603602
6284,09/22/2014 12:00:00 AM,landslide,rain,small,unknown,26.1324,91.8342,0.0,Assam,71.0,0.4954954954954955
4394,06/07/2012 04:30:00 AM,landslide,rain,large,unknown,27.1748,88.6458,7.0,Sikkim,930.0,37.027027027027025
9251,07/28/2016 11:00:00 PM,landslide,downpour,medium,retaining_wall,25.8702,94.7844,0.0,Nagaland,1129.0,14.90990990990991
7699,08/19/2015 12:00:00 AM,landslide,continuous_rain,medium,unknown,26.0214,94.5224,0.0,Nagaland,1603.0,10.9009009009009
7664,08/11/2015 12:00:00 AM,landslide,continuous_rain,medium,unknown,24.7459,93.4251,0.0,Manipur,769.0,9.72972972972973
7589,08/19/2015 12:00:00 AM,landslide,rain,medium,above_road,25.2568,92.3825,0.0,Meghalaya,802.0,1.2162162162162162
7887,08/16/2015 12:00:00 AM,landslide,continuous_rain,medium,above_road,27.8835,96.9262,0.0,Arunachal Pradesh,956.0,13.378378378378377
9404,05/01/2016 12:00:00 AM,landslide,downpour,medium,above_road,28.0822,96.5316,0.0,Arunachal Pradesh,543.0,4.324324324324325
6287,09/22/2014 12:00:00 AM,landslide,rain,small,unknown,26.1295,91.7056,0.0,Assam,130.0,5.63063063063063
2296,08/20/2010 12:00:00 AM,complex,downpour,medium,unknown,27.167,88.3652,0.0,Sikkim,1516.0,22.117117117117115
2304,08/21/2010 06:00:00 PM,landslide,downpour,medium,unknown,25.5718,94.1211,0.0,Nagaland,1649.0,15.45045045045045
5273,08/04/2013 12:00:00 AM,landslide,monsoon,medium,unknown,26.1807,94.5497,,Nagaland,1658.0,15.585585585585585
1125,08/26/2009 12:00:00 AM,landslide,rain,medium,unknown,27.3746,88.7648,,Sikkim,3751.0,3.0180180180180183
8995,07/14/2016 12:00:00 AM,landslide,monsoon,small,unknown,26.1963,91.8074,1.0,Assam,196.0,1.936936936936937
2567,10/08/2010 12:00:00 AM,complex,downpour,medium,unknown,25.6633,94.4703,0.0,Manipur,1443.0,6.171171171171172
3794,07/17/2011 12:00:00 AM,landslide,rain,medium,above_road,26.99195749,88.42280921,,Sikkim,322.0,4.504504504504505
6285,09/22/2014 12:00:00 AM,landslide,rain,small,above_road,26.159,91.8178,0.0,Assam,68.0,0.13513513513513514
868,10/29/2008 12:00:00 AM,landslide,downpour,medium,unknown,26.3333,91.25,7.0,Assam,42.0,0.0
5005,07/01/2013 12:00:00 AM,landslide,downpour,medium,unknown,26.72,95.029,0.0,Nagaland,717.0,2.2522522522522523
3860,07/29/2011 12:00:00 AM,landslide,rain,medium,unknown,25.4192,94.108,0.0,Nagaland,1400.0,2.2972972972972974
5476,09/07/2013 03:00:00 PM,landslide,rain,medium,unknown,27.3736,88.7323,0.0,Sikkim,3454.0,12.927927927927929
1127,08/27/2009 12:00:00 AM,landslide,downpour,medium,unknown,25.1718,93.123,,Assam,693.0,5.7657657657657655
5603,10/13/2013 07:30:00 PM,mudslide,downpour,medium,unknown,25.426,94.6024,0.0,Manipur,1311.0,9.00900900900901
2042,07/06/2010 12:00:00 AM,mudslide,monsoon,medium,unknown,26.0093,94.5238,0.0,Nagaland,1828.0,4.72972972972973
5442,09/02/2013 12:00:00 AM,landslide,downpour,large,unknown,27.1614,93.7525,,Arunachal Pradesh,150.0,4.234234234234234
7933,09/01/2015 12:00:00 AM,rock_fall,rain,medium,unknown,26.1868,91.6739,2.0,Assam,50.0,0.3153153153153153
3637,06/21/2011 12:00:00 AM,landslide,rain,medium,deforested_slope,25.51614662,94.2341227,,Nagaland,1623.0,21.846846846846844
3837,07/24/2011 12:30:00 PM,landslide,downpour,medium,unknown,26.5836,93.0038,0.0,Assam,68.0,0.22522522522522523
220,08/31/2007 12:00:00 AM,landslide,rain,medium,unknown,25.1333,93.9667,,Manipur,1009.0,4.009009009009009
212,08/26/2007 12:00:00 AM,complex,rain,medium,unknown,25.5576,91.8506,,Meghalaya,1669.0,9.684684684684685
7372,07/31/2015 11:00:00 PM,mudslide,continuous_rain,medium,above_road,25.0634,94.3415,0.0,Manipur,1742.0,15.585585585585585
2570,10/08/2010 12:00:00 AM,landslide,downpour,medium,unknown,24.837,93.9128,0.0,Manipur,813.0,2.1621621621621623
126,07/16/2007 12:00:00 AM,mudslide,rain,medium,unknown,27.1499,88.38,,Sikkim,1099.0,5.495495495495495
1168,09/17/2009 12:00:00 AM,landslide,rain,medium,unknown,27.1954,88.6115,,Sikkim,487.0,23.063063063063062
3806,07/19/2011 12:00:00 AM,landslide,downpour,medium,unknown,27.1032,93.6884,3.0,Arunachal Pradesh,149.0,0.6756756756756757
2026,06/28/2010 12:00:00 AM,landslide,downpour,medium,unknown,25.4916,91.2698,0.0,Meghalaya,1490.0,1.1261261261261262
714,08/14/2008 12:00:00 AM,landslide,rain,medium,unknown,27.163,94.0,,Assam,95.0,0.40540540540540543
6110,06/27/2014 12:00:00 AM,landslide,rain,small,unknown,26.1619,91.7697,3.0,Assam,55.0,6.621621621621622
247,09/08/2007 12:00:00 AM,landslide,rain,medium,unknown,25.0604,93.9877,,Manipur,1485.0,0.5405405405405406
4407,06/13/2012 12:00:00 AM,landslide,downpour,medium,unknown,25.0951,92.3567,,Assam,246.0,3.783783783783784
3789,07/16/2011 12:00:00 AM,landslide,downpour,medium,unknown,27.2743,92.9064,0.0,Arunachal Pradesh,695.0,10.09009009009009
6292,09/23/2014 12:00:00 AM,landslide,continuous_rain,small,unknown,25.7238,89.9032,1.0,Assam,30.0,1.2162162162162162
545,05/20/2008 12:00:00 AM,mudslide,mining,medium,unknown,24.9849,92.8411,5.0,Assam,252.0,6.801801801801802
7265,07/22/2015 12:00:00 AM,landslide,continuous_rain,medium,above_road,25.5007,93.9854,0.0,Manipur,1437.0,16.35135135135135
2436,09/16/2010 03:00:00 AM,landslide,downpour,medium,unknown,24.3069,93.125,0.0,Mizoram,719.0,13.018018018018019
7727,08/20/2015 06:00:00 PM,landslide,continuous_rain,medium,below_road,25.6263,94.1057,0.0,Nagaland,1546.0,28.693693693693696
7334,08/18/2015 12:00:00 AM,landslide,unknown,medium,unknown,28.1737,94.7596,1.0,Arunachal Pradesh,610.0,14.144144144144144
6200,08/17/2014 12:00:00 AM,landslide,downpour,large,unknown,27.0869,93.6086,0.0,Arunachal Pradesh,312.0,4.72972972972973
7778,08/26/2015 12:00:00 AM,mudslide,continuous_rain,medium,above_road,23.8447,93.0514,0.0,Mizoram,1053.0,0.09009009009009009
6290,09/23/2014 03:00:00 AM,landslide,continuous_rain,small,urban,25.5772,91.8666,8.0,Meghalaya,1469.0,6.936936936936937
4408,06/13/2012 12:00:00 AM,landslide,downpour,medium,unknown,25.5498,92.0757,,Meghalaya,1245.0,5.7207207207207205
4403,06/10/2012 12:00:00 AM,landslide,downpour,very_large,unknown,24.8142,93.5444,,Manipur,562.0,2.9279279279279278
5429,09/01/2013 06:00:00 PM,landslide,downpour,medium,unknown,27.3425,88.2426,5.0,Sikkim,1382.0,42.07207207207207
2140,07/25/2010 12:00:00 AM,landslide,downpour,medium,unknown,25.0477,92.801,0.0,Assam,184.0,4.2792792792792795
2243,08/13/2010 12:00:00 AM,landslide,downpour,medium,mine,25.70223725,94.04619681,0.0,Nagaland,1016.0,20.63063063063063
9142,06/14/2016 08:00:00 AM,landslide,continuous_rain,medium,retaining_wall,26.3185,94.5247,0.0,Nagaland,1171.0,13.378378378378377
6107,06/26/2014 11:00:00 PM,landslide,continuous_rain,small,unknown,26.1844,91.7896,1.0,Assam,64.0,0.45045045045045046
255,09/10/2007 12:00:00 AM,landslide,rain,medium,unknown,24.2451,94.0691,,Manipur,1349.0,9.684684684684685
7660,08/12/2015 12:00:00 AM,mudslide,continuous_rain,medium,below_road,25.6237,94.1136,0.0,Nagaland,1610.0,31.17117117117117
4556,09/16/2012 12:00:00 AM,landslide,downpour,medium,unknown,27.1675,88.3651,,Sikkim,1551.0,18.693693693693696
7389,08/01/2015 12:00:00 AM,landslide,continuous_rain,medium,above_road,24.4072,94.0644,0.0,Manipur,1148.0,3.4684684684684686
2437,09/16/2010 12:00:00 AM,landslide,downpour,medium,unknown,23.7527,92.694,0.0,Mizoram,793.0,18.243243243243242
731,08/19/2008 12:00:00 AM,mudslide,downpour,medium,unknown,26.138,94.25,4.0,Nagaland,1021.0,10.135135135135135
7371,08/01/2015 12:00:00 AM,landslide,continuous_rain,medium,unknown,23.9939,94.0573,0.0,Manipur,968.0,
7923,09/01/2015 12:00:00 AM,landslide,rain,medium,unknown,26.49349035,91.72137514,2.0,Assam,62.0,0.09009009009009009
760,08/29/2008 12:00:00 AM,complex,downpour,medium,unknown,25.67,94.1066,,Nagaland,1408.0,1.3063063063063063
2182,07/31/2010 09:00:00 AM,landslide,rain,medium,unknown,24.9356,93.8443,0.0,Manipur,850.0,1.2162162162162162
1954,06/07/2010 12:00:00 AM,landslide,rain,medium,unknown,24.7543,93.5039,0.0,Manipur,422.0,22.07207207207207
6963,06/19/2015 12:00:00 AM,landslide,rain,medium,natural_slope,23.7131,92.7362,0.0,Mizoram,879.0,5.495495495495495
5336,08/16/2013 12:00:00 AM,landslide,rain,medium,unknown,26.3897,94.9439,,Nagaland,514.0,4.90990990990991
7590,08/19/2015 12:00:00 AM,landslide,rain,small,unknown,25.1416,92.3807,0.0,Meghalaya,172.0,14.234234234234233
1222,10/05/2009 12:00:00 AM,landslide,downpour,medium,urban,23.73478778,92.72124394,3.0,Mizoram,972.0,4.864864864864865
8222,06/22/2016 12:00:00 PM,mudslide,downpour,medium,natural_slope,26.1961,91.7825,1.0,Assam,142.0,0.8558558558558558
7706,08/19/2015 12:00:00 AM,landslide,rain,medium,above_road,25.0728,92.3636,0.0,Meghalaya,120.0,18.513513513513512
9620,10/15/2016 12:00:00 AM,landslide,downpour,medium,above_road,27.172,88.5292,0.0,Sikkim,301.0,6.351351351351352
8224,09/14/2015 01:30:00 AM,landslide,downpour,medium,above_road,23.7313,92.7187,0.0,Mizoram,1039.0,6.126126126126126
4241,03/04/2012 12:00:00 AM,landslide,unknown,medium,unknown,25.1604,93.6795,0.0,Manipur,1065.0,7.792792792792793
755,08/28/2008 12:00:00 AM,landslide,downpour,medium,unknown,27.337,88.609,,Sikkim,1535.0,32.47747747747748
1756,04/17/2010 12:00:00 AM,landslide,downpour,small,unknown,27.322,88.6087,0.0,Sikkim,1477.0,17.92792792792793
1930,05/31/2010 12:00:00 AM,landslide,downpour,medium,unknown,28.4298,95.8776,0.0,Arunachal Pradesh,503.0,13.423423423423422
9334,05/18/2016 08:00:00 AM,landslide,continuous_rain,unknown,unknown,24.5204,92.7264,2.0,Assam,40.0,0.09009009009009009
8237,07/01/2016 12:00:00 AM,landslide,downpour,large,unknown,27.0136,92.6351,5.0,Arunachal Pradesh,231.0,1.4414414414414414
585,06/14/2008 12:00:00 AM,landslide,rain,large,unknown,27.0998,93.6287,21.0,Arunachal Pradesh,402.0,0.5855855855855856
4859,05/11/2013 12:00:00 AM,landslide,rain,medium,unknown,26.1771,91.7599,,Assam,66.0,1.4414414414414414
4436,06/25/2012 12:00:00 AM,landslide,downpour,medium,unknown,26.9986,95.4993,,Arunachal Pradesh,615.0,14.819819819819822
3916,08/13/2011 08:00:00 AM,mudslide,downpour,medium,unknown,25.7713,93.8067,0.0,Assam,235.0,3.6036036036036037
5250,08/01/2013 12:00:00 AM,mudslide,rain,medium,unknown,27.8837,93.0515,,Arunachal Pradesh,1679.0,9.594594594594595
3805,07/19/2011 12:00:00 AM,landslide,rain,medium,above_road,27.05374234,88.42572376,0.0,Sikkim,287.0,1.7117117117117115
3738,07/06/2011 12:00:00 AM,landslide,downpour,medium,unknown,24.8063,93.9482,6.0,Manipur,783.0,0.09009009009009009
2426,09/13/2010 12:00:00 AM,landslide,downpour,medium,unknown,22.7176,92.8416,0.0,Mizoram,761.0,5.7657657657657655
1084,08/12/2009 12:00:00 AM,landslide,downpour,medium,unknown,27.7,92.8,0.0,Arunachal Pradesh,2477.0,23.873873873873876
7266,07/22/2015 12:00:00 AM,landslide,continuous_rain,medium,above_road,25.5098,93.8794,0.0,Manipur,1642.0,30.495495495495494
1129,08/30/2009 12:00:00 AM,landslide,downpour,medium,unknown,24.8628,94.4182,,Manipur,922.0,11.891891891891893
2166,07/29/2010 12:00:00 AM,landslide,downpour,medium,unknown,24.9786,93.5027,0.0,Assam,1295.0,2.3873873873873874
213,08/26/2007 12:00:00 AM,landslide,rain,medium,unknown,25.2946,92.8339,,Assam,872.0,12.207207207207208
4426,06/22/2012 12:00:00 AM,landslide,downpour,medium,unknown,26.1226,91.7162,3.0,Assam,122.0,0.13513513513513514
8366,09/23/2015 03:00:00 PM,landslide,downpour,medium,natural_slope,25.583,91.893,2.0,Meghalaya,1451.0,0.40540540540540543
1934,06/03/2010 05:00:00 AM,landslide,downpour,medium,unknown,24.6005,92.3814,2.0,Assam,70.0,0.04504504504504504
7655,04/22/2016 02:30:00 AM,landslide,continuous_rain,medium,above_road,27.5799,91.8569,17.0,Arunachal Pradesh,2758.0,17.34234234234234
9464,08/05/2016 12:00:00 AM,landslide,downpour,medium,unknown,27.5754,91.9754,0.0,Arunachal Pradesh,2379.0,11.441441441441441
3912,08/12/2011 12:00:00 AM,landslide,rain,medium,unknown,27.44,92.2833,0.0,Arunachal Pradesh,2580.0,20.405405405405403
5272,08/04/2013 12:00:00 AM,landslide,monsoon,medium,unknown,26.2083,94.5438,,Nagaland,1469.0,3.873873873873874
580,06/09/2008 12:00:00 AM,landslide,monsoon,medium,unknown,24.6596,93.9784,,Manipur,777.0,0.04504504504504504
5575,10/05/2013 11:00:00 PM,mudslide,continuous_rain,medium,unknown,25.8266,94.1497,0.0,Nagaland,1409.0,4.774774774774775
8996,07/14/2016 12:00:00 AM,landslide,monsoon,small,natural_slope,26.1768,91.7702,1.0,Assam,127.0,0.6306306306306306
1613,04/02/2010 11:00:00 PM,mudslide,downpour,large,unknown,27.8997,93.3497,12.0,Arunachal Pradesh,872.0,4.36936936936937
7138,07/07/2015 12:00:00 AM,landslide,continuous_rain,small,above_road,27.0816,88.4397,0.0,Sikkim,240.0,16.26126126126126
4857,05/11/2013 09:00:00 AM,landslide,rain,large,unknown,23.7281,92.7175,15.0,Mizoram,1080.0,3.288288288288288
6945,06/19/2015 12:00:00 AM,landslide,monsoon,medium,above_road,25.16,93.686,0.0,Manipur,1089.0,9.54954954954955
1857,05/11/2010 09:00:00 AM,landslide,downpour,medium,unknown,25.3433,92.2897,0.0,Meghalaya,1204.0,1.4414414414414414
2743,11/22/2010 12:00:00 AM,landslide,unknown,medium,natural_slope,27.5798729,91.85672387,,Arunachal Pradesh,2758.0,17.34234234234234
4860,05/11/2013 12:00:00 AM,landslide,rain,medium,unknown,26.1016,91.6906,,Assam,109.0,9.36936936936937
4845,05/07/2013 12:00:00 AM,mudslide,rain,medium,unknown,24.2315,92.6755,,Mizoram,680.0,2.7927927927927927
1770,04/20/2010 12:00:00 AM,landslide,downpour,medium,unknown,26.1965,91.763,0.0,Assam,81.0,0.5855855855855856
7728,08/22/2015 09:00:00 AM,landslide,continuous_rain,medium,above_road,26.1028,91.8806,0.0,Assam,151.0,5.900900900900901
5274,08/04/2013 12:00:00 AM,landslide,rain,medium,unknown,26.0838,94.564,,Nagaland,1848.0,2.5675675675675675
7836,08/27/2015 12:00:00 AM,landslide,downpour,medium,above_road,24.042,92.6724,0.0,Mizoram,815.0,2.837837837837838
3776,07/15/2011 06:00:00 PM,landslide,downpour,small,unknown,27.125,93.7145,0.0,Arunachal Pradesh,132.0,0.4954954954954955
4798,04/07/2013 12:00:00 AM,landslide,rain,medium,unknown,28.8254,96.1509,,Arunachal Pradesh,3620.0,6.576576576576576
7388,08/01/2015 12:00:00 AM,landslide,continuous_rain,medium,unknown,24.416,94.0984,0.0,Manipur,1347.0,14.279279279279281
5421,08/30/2013 12:00:00 AM,mudslide,unknown,medium,unknown,26.4205,94.9731,,Nagaland,690.0,10.09009009009009
2343,08/27/2010 04:30:00 PM,landslide,downpour,medium,unknown,25.4786,94.1327,0.0,Nagaland,1738.0,15.315315315315313
3683,07/01/2011 12:00:00 AM,landslide,downpour,medium,unknown,25.8782,94.1739,0.0,Nagaland,1357.0,8.603603603603602
9619,10/15/2016 12:00:00 AM,landslide,rain,medium,above_road,27.1695,88.3664,0.0,Sikkim,1576.0,16.26126126126126
7591,03/19/2015 12:00:00 AM,landslide,rain,small,unknown,25.0318,92.4584,0.0,Assam,102.0,12.162162162162163
5441,09/02/2013 12:00:00 AM,landslide,downpour,large,unknown,28.611,94.9829,,Arunachal Pradesh,1610.0,37.38738738738739
9232,07/28/2016 11:00:00 PM,landslide,continuous_rain,medium,unknown,23.5397,93.3783,2.0,Mizoram,1582.0,7.207207207207207
4434,06/25/2012 06:00:00 PM,landslide,downpour,large,unknown,26.1049,91.7369,1.0,Assam,164.0,0.13513513513513514
4378,06/02/2012 12:00:00 AM,landslide,downpour,medium,unknown,28.8254,96.1517,,Arunachal Pradesh,3589.0,8.513513513513514
7214,07/15/2015 08:00:00 AM,landslide,monsoon,medium,urban,27.36,93.0385,3.0,Arunachal Pradesh,404.0,2.837837837837838
5582,10/06/2013 12:45:00 PM,landslide,downpour,medium,unknown,26.1309,91.8383,1.0,Assam,96.0,3.4684684684684686
2405,09/09/2010 11:00:00 PM,landslide,downpour,medium,unknown,28.3036,95.4112,10.0,Arunachal Pradesh,1835.0,30.45045045045045
3556,05/31/2011 02:00:00 PM,landslide,continuous_rain,small,unknown,25.1555,93.8474,0.0,Manipur,1406.0,6.216216216216217
2569,10/08/2010 12:00:00 AM,landslide,downpour,medium,unknown,25.2745,94.0212,0.0,Nagaland,1083.0,5.990990990990991
2423,09/13/2010 12:00:00 AM,landslide,downpour,medium,above_road,23.73504471,92.71060943,,Mizoram,977.0,14.549549549549551
3532,05/24/2011 12:00:00 AM,complex,downpour,medium,unknown,25.0888,92.8551,0.0,Assam,244.0,1.3513513513513513
2345,08/27/2010 06:00:00 PM,landslide,downpour,medium,unknown,27.3392,88.6188,0.0,Sikkim,1892.0,27.837837837837835
7956,09/05/2015 12:00:00 AM,landslide,unknown,medium,above_road,26.048,91.8695,0.0,Meghalaya,85.0,0.13513513513513514
2425,09/13/2010 12:00:00 AM,landslide,downpour,medium,unknown,23.3439,93.0748,0.0,Mizoram,1376.0,15.135135135135137
6970,06/16/2015 12:00:00 AM,rock_fall,downpour,small,above_road,25.5084,90.2191,1.0,Meghalaya,300.0,11.531531531531531
5312,08/11/2013 11:00:00 PM,landslide,downpour,very_large,unknown,26.7103,94.693,0.0,Assam,688.0,2.837837837837838
1929,05/31/2010 11:00:00 PM,landslide,downpour,medium,unknown,27.3543,88.6428,0.0,Sikkim,2126.0,10.855855855855856
2568,10/08/2010 12:00:00 AM,landslide,downpour,medium,unknown,24.7679,93.4108,0.0,Assam,483.0,8.018018018018019
7409,08/02/2015 12:00:00 AM,landslide,continuous_rain,medium,unknown,25.72,94.6219,0.0,Nagaland,1765.0,13.333333333333334
9219,07/26/2016 11:00:00 PM,landslide,downpour,medium,retaining_wall,26.0101,94.5282,0.0,Nagaland,1701.0,13.423423423423422
2579,10/09/2010 12:00:00 AM,landslide,downpour,medium,unknown,25.682,94.1076,0.0,Nagaland,1435.0,1.1261261261261262
8223,09/14/2015 03:10:00 AM,landslide,downpour,large,above_road,23.7348,92.7187,0.0,Mizoram,1043.0,4.009009009009009
7336,08/19/2015 09:00:00 AM,landslide,continuous_rain,medium,above_road,25.2193,90.5549,0.0,Meghalaya,249.0,2.6126126126126126
9252,07/28/2016 12:00:00 AM,landslide,monsoon,medium,unknown,27.5748,91.8644,0.0,Arunachal Pradesh,2695.0,21.71171171171171
5300,08/09/2013 12:00:00 AM,landslide,downpour,large,unknown,25.318,94.0441,,Nagaland,1026.0,3.198198198198198
7665,08/11/2015 12:00:00 AM,landslide,continuous_rain,medium,unknown,24.7016,93.5291,0.0,Manipur,664.0,3.3333333333333335
1994,06/16/2010 12:00:00 AM,landslide,downpour,medium,unknown,25.0633,92.8025,0.0,Assam,91.0,1.0810810810810811
3760,07/11/2011 09:00:00 AM,landslide,downpour,medium,unknown,25.6703,94.1095,0.0,Nagaland,1448.0,0.945945945945946
692,08/07/2008 12:00:00 AM,landslide,downpour,medium,unknown,25.705,94.04,,Nagaland,1029.0,29.144144144144146
3633,06/20/2011 12:00:00 AM,landslide,downpour,medium,unknown,26.3186,94.5121,0.0,Nagaland,1260.0,5.225225225225225
7374,08/01/2015 12:00:00 AM,landslide,continuous_rain,medium,below_road,25.1122,94.3591,0.0,Manipur,1822.0,13.783783783783784
4446,07/05/2012 12:00:00 AM,landslide,downpour,large,unknown,28.9986,94.8885,,Arunachal Pradesh,604.0,0.6306306306306306
2098,07/19/2010 06:00:00 AM,landslide,downpour,medium,unknown,26.7215,95.0283,0.0,Nagaland,704.0,0.8108108108108109
269,09/18/2007 12:00:00 AM,landslide,rain,medium,unknown,27.2872,88.2816,,Sikkim,574.0,11.621621621621623
2205,08/06/2010 12:00:00 AM,landslide,downpour,medium,unknown,23.7365,92.7146,0.0,Mizoram,1010.0,2.5675675675675675
4610,11/11/2012 12:00:00 AM,landslide,downpour,medium,unknown,23.7705,92.5217,4.0,Mizoram,69.0,0.6756756756756757
5275,08/04/2013 12:00:00 AM,landslide,monsoon,medium,unknown,26.1498,94.6055,,Nagaland,1721.0,20.63063063063063
2247,08/14/2010 12:00:00 AM,landslide,downpour,medium,unknown,26.148,94.8422,0.0,Nagaland,1504.0,1.2162162162162162
3927,08/16/2011 08:00:00 AM,landslide,downpour,medium,unknown,25.5144,90.2167,6.0,Meghalaya,327.0,9.0990990990991
259,09/11/2007 12:00:00 AM,landslide,rain,medium,unknown,25.52,91.27,,Meghalaya,1340.0,7.522522522522522
6112,06/28/2014 09:00:00 AM,landslide,rain,medium,unknown,26.1964,91.7652,0.0,Assam,78.0,0.45045045045045046
7390,08/01/2015 12:00:00 AM,landslide,continuous_rain,medium,above_road,24.4265,94.1913,0.0,Manipur,1299.0,2.2972972972972974
2420,09/13/2010 12:00:00 AM,landslide,downpour,medium,urban,23.72988966,92.71495623,1.0,Mizoram,946.0,1.3513513513513513
264,09/13/2007 12:00:00 AM,landslide,rain,medium,unknown,26.1833,91.8,,Assam,67.0,1.7567567567567568
251,09/09/2007 12:00:00 AM,landslide,rain,medium,unknown,27.1667,88.35,1.0,Sikkim,1162.0,23.063063063063062
6214,10/05/2014 05:45:00 PM,landslide,rain,medium,above_road,25.9702,91.8587,1.0,Meghalaya,299.0,0.6306306306306306
4411,06/14/2012 04:00:00 AM,landslide,downpour,medium,unknown,27.339,88.6065,,Sikkim,1487.0,30.495495495495494
252,09/09/2007 12:00:00 AM,landslide,rain,medium,unknown,25.4993,94.1192,,Nagaland,1923.0,0.4954954954954955
142,07/27/2007 12:00:00 AM,rock_fall,rain,large,unknown,25.5212,90.232,8.0,Meghalaya,583.0,7.567567567567568
7384,08/01/2015 12:00:00 AM,landslide,rain,medium,unknown,23.9278,94.0906,0.0,Manipur,909.0,8.198198198198197
211,08/26/2007 12:00:00 AM,mudslide,continuous_rain,medium,unknown,24.9667,93.55,1.0,Manipur,585.0,7.567567567567568
4384,06/03/2012 12:00:00 AM,landslide,downpour,medium,unknown,25.1775,93.0123,,Assam,646.0,9.18918918918919
4383,06/03/2012 12:00:00 AM,landslide,downpour,medium,unknown,25.3056,93.1265,,Assam,285.0,6.261261261261261
7375,08/01/2015 12:00:00 AM,landslide,continuous_rain,medium,above_road,25.1941,94.4481,0.0,Manipur,1713.0,11.081081081081082
2163,07/29/2010 12:00:00 AM,landslide,downpour,medium,unknown,25.4196,94.1054,0.0,Nagaland,1415.0,6.981981981981981
3932,08/18/2011 12:00:00 AM,landslide,monsoon,medium,unknown,25.83,94.13,0.0,Nagaland,1006.0,0.8108108108108109
4861,05/12/2013 12:00:00 AM,mudslide,rain,medium,unknown,24.9926,93.4946,,Assam,1131.0,6.621621621621622
7972,08/28/2015 01:45:00 AM,landslide,downpour,large,unknown,23.4495,92.8112,0.0,Mizoram,867.0,2.0720720720720722
3831,07/22/2011 12:00:00 AM,landslide,downpour,medium,unknown,24.7992,93.948,0.0,Manipur,779.0,0.0
5584,10/06/2013 12:00:00 AM,landslide,downpour,medium,unknown,26.1665,91.7049,0.0,Assam,231.0,0.45045045045045046
1986,06/15/2010 12:00:00 AM,landslide,downpour,medium,unknown,26.3335,94.5512,0.0,Nagaland,1356.0,6.891891891891892
7387,08/01/2015 12:00:00 AM,landslide,continuous_rain,small,below_road,24.954,94.2156,0.0,Manipur,909.0,0.04504504504504504
2573,10/09/2010 12:00:00 AM,mudslide,downpour,medium,unknown,25.1796,93.0083,1.0,Assam,696.0,1.3513513513513513
319,10/19/2007 12:00:00 AM,landslide,rain,medium,unknown,25.4379,94.1162,,Nagaland,1518.0,1.8468468468468466
313,10/16/2007 12:00:00 AM,landslide,rain,large,unknown,25.7055,94.0132,,Nagaland,1478.0,29.234234234234236
9010,07/16/2016 12:00:00 AM,mudslide,downpour,medium,above_road,27.3034,93.804,1.0,Arunachal Pradesh,768.0,2.8828828828828827
2539,10/03/2010 12:00:00 AM,landslide,downpour,medium,unknown,28.3092,95.4149,10.0,Arunachal Pradesh,1879.0,21.216216216216218
6331,09/08/2014 12:00:00 AM,mudslide,unknown,medium,unknown,25.9466,94.6279,0.0,Nagaland,1376.0,8.693693693693694
1987,06/15/2010 12:00:00 AM,landslide,downpour,medium,unknown,25.2269,93.1658,0.0,Assam,396.0,0.0
2043,07/06/2010 12:00:00 AM,mudslide,monsoon,medium,unknown,26.7225,95.0281,0.0,Nagaland,706.0,4.774774774774775
7910,08/01/2015 12:00:00 AM,landslide,unknown,medium,above_road,24.3481,94.1146,0.0,Manipur,995.0,7.882882882882883
6775,02/14/2015 12:00:00 AM,landslide,mining,small,mine,26.1468,91.6469,1.0,Assam,52.0,0.13513513513513514
1776,04/21/2010 12:00:00 AM,landslide,downpour,medium,unknown,25.3612,92.2845,0.0,Meghalaya,1227.0,0.6306306306306306
6786,02/19/2015 11:00:00 PM,landslide,mining,medium,mine,24.6108,92.562,2.0,Assam,27.0,0.3153153153153153
6291,09/21/2014 12:00:00 AM,landslide,continuous_rain,large,unknown,25.7354,90.3852,0.0,Meghalaya,334.0,3.5135135135135136
6213,09/24/2014 12:00:00 AM,landslide,continuous_rain,large,unknown,25.8143,90.5763,0.0,Meghalaya,63.0,0.3153153153153153
2415,09/12/2010 12:00:00 AM,landslide,downpour,medium,unknown,25.63961883,94.11112157,,Nagaland,1499.0,13.423423423423422
9336,05/18/2016 08:00:00 AM,landslide,continuous_rain,small,unknown,24.5308,92.5121,1.0,Assam,67.0,0.13513513513513514
9604,10/12/2016 12:00:00 AM,landslide,continuous_rain,medium,above_road,27.2676,88.2891,0.0,Sikkim,573.0,11.486486486486488
7837,08/27/2015 12:00:00 AM,landslide,downpour,medium,urban,23.7269,92.7265,0.0,Mizoram,898.0,9.234234234234235
7267,07/22/2015 12:00:00 AM,landslide,continuous_rain,small,above_road,25.3908,94.0926,0.0,Manipur,1314.0,3.6936936936936933
4848,05/08/2013 12:00:00 AM,landslide,rain,medium,unknown,24.0896,91.4663,1.0,Tripura,107.0,0.4954954954954955
9122,07/20/2016 12:00:00 AM,landslide,rain,medium,unknown,26.1966,91.802,0.0,Assam,107.0,0.8558558558558558
2574,10/09/2010 12:00:00 AM,landslide,downpour,medium,unknown,25.4749,93.1477,0.0,Assam,152.0,3.2432432432432434
6282,09/22/2014 12:00:00 AM,landslide,rain,small,urban,26.1097,91.7747,1.0,Assam,60.0,4.594594594594595
2263,08/17/2010 12:00:00 AM,landslide,downpour,medium,unknown,26.2753,94.6654,0.0,Nagaland,1115.0,4.90990990990991
6289,09/22/2014 12:00:00 AM,landslide,rain,small,unknown,26.1001,91.6849,0.0,Assam,84.0,4.63963963963964
9087,07/19/2016 12:00:00 AM,landslide,downpour,medium,above_road,28.235,94.9612,0.0,Arunachal Pradesh,251.0,3.198198198198198
130,07/19/2007 12:00:00 AM,landslide,rain,medium,unknown,26.1699,91.7986,6.0,Assam,151.0,0.09009009009009009
