event_id,event_date,landslide_category,landslide_trigger,landslide_size,landslide_setting,latitude,longitude,fatality_count,state,elevation_m,rainfall_mm,soil_moisture,slope_percent
2164,2010-07-29 23:00:00,landslide,downpour,medium,unknown,25.3098633,94.48214677,0.0,Manipur,1559.0,19.9,,0.8108108108108109
5122,2013-07-17 00:00:00,mudslide,rain,medium,unknown,25.7658,93.9413,0.0,Nagaland,796.0,2.0,,22.61261261261261
5123,2013-07-17 00:00:00,mudslide,rain,medium,unknown,25.7131,94.0885,0.0,Nagaland,1402.0,2.0,,7.342342342342342
7370,2015-08-01 00:00:00,landslide,continuous_rain,medium,above_road,24.1419,94.1078,0.0,Manipur,1187.0,6.9,,2.3873873873873874
5084,2013-07-12 23:00:00,landslide,downpour,medium,unknown,25.616,94.1167,0.0,Nagaland,1603.0,21.5,,27.11711711711712
2566,2010-10-08 00:00:00,mudslide,downpour,medium,unknown,25.4769,94.1351,0.0,Nagaland,1684.0,25.2,,18.873873873873872
1109,2009-08-20 00:00:00,landslide,downpour,medium,unknown,25.5215,93.1645,0.0,Assam,279.0,2.4,,2.612612612612613
1961,2010-06-09 14:15:00,landslide,downpour,medium,unknown,25.8833,91.2,0.0,Meghalaya,247.0,21.6,,8.963963963963964
2578,2010-10-09 00:00:00,landslide,downpour,medium,unknown,25.3179,94.0462,0.0,Nagaland,996.0,13.1,,3.333333333333333
322,2007-10-21 00:00:00,landslide,rain,medium,unknown,24.75,93.4333,,Assam,546.0,0.1,,14.45945945945946
5552,2013-09-24 00:00:00,landslide,unknown,medium,unknown,25.0985,94.3619,,Manipur,1889.0,4.6,,1.351351351351351
7031,2015-05-24 00:00:00,landslide,unknown,medium,above_road,27.6163,88.6586,0.0,Sikkim,1875.0,10.3,,17.792792792792792
2025,2010-06-28 00:00:00,landslide,downpour,medium,unknown,25.5728,91.885,1.0,Meghalaya,1496.0,68.7,,3.558558558558558
9405,2016-04-19 00:00:00,landslide,continuous_rain,medium,unknown,26.7223,95.0243,0.0,Nagaland,692.0,36.3,,0.6756756756756757
5343,2013-08-17 23:00:00,landslide,continuous_rain,medium,unknown,24.7625,93.4341,,Assam,681.0,18.4,,12.837837837837837
6971,2015-06-09 00:00:00,landslide,continuous_rain,medium,above_road,27.0987,93.816,2.0,Arunachal Pradesh,211.0,75.0,,6.126126126126126
1611,2010-04-01 00:00:00,landslide,downpour,medium,unknown,25.1553,93.028,3.0,Assam,565.0,8.2,,1.036036036036036
147,2007-07-30 00:00:00,landslide,downpour,medium,unknown,22.533,92.899,,Mizoram,793.0,0.8,,18.28828828828829
4382,2012-06-03 00:00:00,landslide,downpour,medium,unknown,25.1175,92.8573,,Assam,158.0,136.3,,14.234234234234233
1112,2009-08-20 00:00:00,mudslide,downpour,medium,unknown,27.1761,88.5287,0.0,Sikkim,314.0,50.9,,0.4954954954954955
2424,2010-09-13 00:00:00,landslide,downpour,medium,unknown,23.591,92.9296,0.0,Mizoram,801.0,14.8,,2.1621621621621623
78,2007-05-23 00:00:00,landslide,rain,medium,unknown,27.3383,88.6069,,Sikkim,1517.0,12.4,,31.62162162162162
5431,2013-09-01 00:00:00,mudslide,continuous_rain,medium,unknown,24.9829,93.5063,0.0,Assam,1284.0,5.5,,14.819819819819822
3672,2011-06-29 00:00:00,landslide,downpour,medium,unknown,25.5125,93.3613,0.0,Assam,320.0,3.9,,2.702702702702702
2253,2010-08-15 23:00:00,landslide,downpour,medium,unknown,25.31006064,94.48265093,0.0,Manipur,1571.0,15.6,,4.0990990990990985
1108,2009-08-20 00:00:00,landslide,downpour,medium,unknown,24.9925,93.5,0.0,Assam,1206.0,10.2,,12.432432432432432
6105,2014-06-26 23:00:00,landslide,continuous_rain,medium,above_road,28.9205,95.3429,0.0,Arunachal Pradesh,4060.0,9.5,,12.747747747747749
9168,2016-06-12 23:00:00,landslide,downpour,medium,above_road,27.6438,93.871,0.0,Arunachal Pradesh,1682.0,13.0,,12.972972972972974
3560,2011-05-31 14:30:00,landslide,downpour,medium,unknown,24.8286,93.5935,2.0,Manipur,777.0,20.0,,12.927927927927929
587,2008-06-15 00:00:00,landslide,downpour,medium,unknown,27.2298,94.0989,17.0,Assam,95.0,1.8,,0.1351351351351351
8012,2015-09-06 15:00:00,landslide,unknown,medium,above_road,25.9703,91.8584,0.0,Meghalaya,299.0,8.0,,0.6306306306306306
7335,2015-08-18 09:00:00,landslide,continuous_rain,medium,urban,25.5145,90.2023,0.0,Meghalaya,279.0,51.0,,5.900900900900901
141,2007-07-26 00:00:00,landslide,rain,medium,unknown,25.38,91.88,,Meghalaya,1283.0,81.4,,12.837837837837837
3983,2011-09-23 00:00:00,landslide,downpour,large,unknown,26.1548,91.7351,4.0,Assam,55.0,10.3,,2.2972972972972974
148,2007-07-30 00:00:00,landslide,downpour,medium,unknown,22.479,92.967,,Mizoram,472.0,0.8,,22.61261261261261
1775,2010-04-21 00:00:00,landslide,downpour,medium,unknown,27.8965,96.1779,12.0,Arunachal Pradesh,202.0,60.7,,0.09009009009009
3663,2011-06-28 00:00:00,landslide,downpour,medium,unknown,25.6682,94.1099,0.0,Nagaland,1439.0,26.6,,0.045045045045045
7385,2015-08-01 00:00:00,landslide,continuous_rain,medium,unknown,24.004,93.9815,0.0,Manipur,1496.0,11.3,,9.144144144144144
2575,2010-10-09 00:00:00,landslide,downpour,medium,unknown,25.5242,92.9914,0.0,Assam,147.0,13.6,,0.09009009009009
3840,2011-07-25 00:00:00,landslide,downpour,medium,unknown,24.6869,93.9157,0.0,Manipur,772.0,4.2,,0.0
6015,2014-05-08 00:00:00,mudslide,rain,medium,above_road,27.9032,96.174,0.0,Arunachal Pradesh,197.0,58.1,,0.0
3741,2011-07-07 00:00:00,landslide,rain,medium,unknown,25.4191,94.1079,0.0,Nagaland,1395.0,6.8,,3.9189189189189193
2106,2010-07-20 00:00:00,landslide,downpour,medium,unknown,26.8716,94.9921,0.0,Nagaland,288.0,79.5,,8.018018018018019
9051,2016-07-19 09:00:00,landslide,unknown,medium,natural_slope,26.09748244,91.8744337,0.0,Meghalaya,188.0,53.5,,4.324324324324325
870,2008-10-29 00:00:00,mudslide,downpour,medium,unknown,27.4,92.35,12.0,Arunachal Pradesh,2628.0,0.2,,7.432432432432432
2392,2010-09-04 00:00:00,landslide,downpour,medium,unknown,27.3702,88.7334,0.0,Sikkim,3520.0,20.4,,23.33333333333333
3830,2011-07-22 00:00:00,landslide,downpour,small,unknown,24.3527,94.3429,0.0,Manipur,285.0,25.1,,2.117117117117117
4906,2013-06-07 00:00:00,landslide,unknown,medium,unknown,26.0977,94.7499,,Nagaland,1538.0,12.0,,22.52252252252252
3269,2011-03-22 00:00:00,landslide,downpour,medium,unknown,28.0791,96.5242,0.0,Arunachal Pradesh,554.0,13.0,,16.396396396396394
1755,2010-04-17 15:00:00,landslide,downpour,small,unknown,27.3341,88.6083,0.0,Sikkim,1418.0,5.4,,32.11711711711712
6990,2015-06-24 00:00:00,landslide,continuous_rain,medium,above_road,26.0319,94.5466,0.0,Nagaland,1581.0,12.4,,10.9009009009009
6222,2014-10-01 11:00:00,landslide,unknown,small,above_road,27.1249,93.7706,5.0,Arunachal Pradesh,151.0,0.0,,5.45045045045045
9169,2016-06-12 00:00:00,landslide,continuous_rain,unknown,above_road,26.1677,94.2442,0.0,Nagaland,754.0,15.0,,4.324324324324325
4435,2012-06-25 00:00:00,landslide,downpour,large,unknown,27.174,95.8011,,Arunachal Pradesh,295.0,49.2,,5.900900900900901
4313,2012-04-08 00:00:00,landslide,downpour,medium,unknown,28.4659,95.86,0.0,Arunachal Pradesh,1026.0,7.7,,20.585585585585587
2344,2010-08-27 16:30:00,landslide,downpour,medium,unknown,24.7505,93.4221,0.0,Assam,772.0,9.5,,2.3873873873873874
7263,2015-07-22 00:00:00,landslide,continuous_rain,medium,above_road,25.4477,94.0489,0.0,Manipur,1287.0,20.6,,12.117117117117116
5271,2013-08-04 00:00:00,landslide,continuous_rain,medium,unknown,26.284,94.5808,,Nagaland,728.0,15.0,,2.3423423423423424
4424,2012-06-20 00:00:00,landslide,downpour,medium,unknown,26.149,91.7351,,Assam,52.0,61.6,,2.3873873873873874
3525,2011-05-22 00:00:00,landslide,downpour,medium,unknown,25.0672,93.4093,0.0,Assam,460.0,33.7,,5.135135135135135
7369,2015-08-01 00:00:00,landslide,continuous_rain,medium,above_road,24.1988,94.1016,0.0,Manipur,1345.0,6.9,,4.324324324324325
4892,2013-06-01 00:00:00,landslide,downpour,large,unknown,27.8776,94.25,,Arunachal Pradesh,993.0,8.3,,16.35135135135135
4377,2012-06-02 00:00:00,landslide,downpour,large,unknown,26.1475,91.7356,,Assam,52.0,21.7,,3.0180180180180183
5430,2013-09-01 00:00:00,mudslide,continuous_rain,medium,unknown,24.9037,93.487,0.0,Manipur,1272.0,5.5,,6.936936936936937
7264,2015-07-22 00:00:00,landslide,continuous_rain,medium,above_road,25.4538,93.9827,0.0,Manipur,1779.0,20.6,,37.972972972972975
5006,2013-07-01 00:00:00,landslide,downpour,medium,unknown,26.1147,94.3864,0.0,Nagaland,362.0,10.3,,3.333333333333333
256,2007-09-10 00:00:00,landslide,rain,medium,unknown,27.3425,88.6236,,Sikkim,2102.0,29.2,,33.01801801801802
9335,2016-05-18 08:00:00,landslide,continuous_rain,unknown,unknown,24.5202,92.7239,2.0,Assam,39.0,24.1,,0.3603603603603603
7279,2015-07-24 00:00:00,mudslide,monsoon,medium,other,24.9818,93.5142,0.0,Manipur,1238.0,14.2,,11.126126126126126
6288,2014-09-22 00:00:00,landslide,rain,small,unknown,26.1985,91.7998,0.0,Assam,92.0,58.2,,0.8108108108108109
5087,2013-07-12 00:00:00,landslide,downpour,medium,unknown,25.6269,94.1139,0.0,Nagaland,1558.0,19.2,,19.954954954954957
5087,2013-07-12 00:00:00,landslide,downpour,medium,unknown,25.6269,94.1139,0.0,Nagaland,1558.0,19.2,,19.954954954954957
258,2007-09-11 00:00:00,landslide,rain,medium,unknown,24.4279,94.0564,3.0,Manipur,885.0,5.2,,2.1621621621621623
5338,2013-08-16 00:00:00,landslide,rain,medium,unknown,26.8727,94.9275,,Assam,128.0,11.3,,0.045045045045045
2411,2010-09-10 00:00:00,landslide,downpour,medium,unknown,27.0011,93.7273,0.0,Arunachal Pradesh,109.0,12.0,,0.1801801801801801
6143,2014-07-14 18:00:00,landslide,downpour,medium,unknown,23.7327,92.7463,1.0,Mizoram,846.0,14.3,,5.540540540540541
4908,2013-06-08 17:00:00,landslide,downpour,medium,unknown,27.3721,88.708,0.0,Sikkim,3172.0,19.4,,55.81081081081081
9124,2016-07-19 00:00:00,translational_slide,continuous_rain,large,natural_slope,25.203,90.5573,0.0,Meghalaya,128.0,26.2,,9.81981981981982
2282,2010-08-19 06:30:00,landslide,downpour,medium,unknown,26.1984,94.8158,0.0,Nagaland,1849.0,33.8,,1.5765765765765765
9338,2016-05-18 08:00:00,landslide,continuous_rain,medium,natural_slope,24.4638,92.4943,5.0,Assam,90.0,24.8,,6.756756756756757
2421,2010-09-13 09:00:00,landslide,downpour,medium,above_road,23.75406693,92.74128531,,Mizoram,994.0,12.9,,4.63963963963964
2249,2010-08-14 00:00:00,landslide,downpour,medium,unknown,26.0814,94.803,0.0,Nagaland,953.0,23.0,,2.2072072072072078
8901,2016-07-10 00:00:00,landslide,downpour,medium,above_road,25.7902,94.1318,0.0,Nagaland,1285.0,16.9,,7.522522522522522
2283,2010-08-19 00:00:00,mudslide,downpour,medium,unknown,24.8961,93.4957,0.0,Manipur,1049.0,4.4,,0.2252252252252252
4552,2012-09-14 00:00:00,landslide,downpour,medium,unknown,27.0377,88.3603,,Sikkim,1504.0,82.7,,22.432432432432435
6016,2014-05-09 23:00:00,landslide,rain,small,unknown,24.8669,92.3576,7.0,Assam,18.0,52.3,,0.09009009009009
215,2007-08-28 00:00:00,landslide,rain,medium,unknown,25.7428,93.9136,1.0,Nagaland,452.0,18.8,,8.378378378378379
7780,2015-08-26 00:00:00,landslide,continuous_rain,medium,above_road,23.3572,92.7878,1.0,Mizoram,1372.0,7.7,,14.90990990990991
2281,2010-08-19 18:00:00,landslide,downpour,medium,above_road,25.61560252,94.11603493,,Nagaland,1634.0,14.0,,23.783783783783782
1996,2010-06-17 19:30:00,landslide,downpour,medium,unknown,26.4333,94.8833,0.0,Nagaland,535.0,29.2,,2.072072072072072
6283,2014-09-22 00:00:00,landslide,rain,small,unknown,26.1314,91.7548,0.0,Assam,81.0,58.2,,0.7657657657657657
8930,2016-07-11 23:00:00,landslide,unknown,large,unknown,26.1699,94.4922,0.0,Nagaland,1134.0,21.9,,8.603603603603602
869,2008-10-29 00:00:00,landslide,downpour,medium,unknown,27.2333,94.1167,,Assam,91.0,0.0,,0.1801801801801801
285,2007-09-29 00:00:00,landslide,rain,medium,unknown,24.1293,92.6921,,Mizoram,825.0,8.7,,3.9189189189189193
3662,2011-06-28 00:00:00,landslide,rain,medium,below_road,25.03561729,94.0144205,,Manipur,873.0,8.3,,13.73873873873874
5427,2013-08-15 00:00:00,landslide,downpour,medium,unknown,25.3833,94.1884,,Nagaland,1683.0,9.2,,10.945945945945947
8339,2015-09-23 00:00:00,landslide,continuous_rain,medium,above_road,26.1666,91.7042,0.0,Assam,231.0,18.0,,0.4504504504504504
4905,2013-06-07 00:00:00,landslide,unknown,medium,unknown,26.0977,94.7031,,Nagaland,1682.0,12.0,,43.55855855855856
9186,2016-07-25 12:30:00,landslide,continuous_rain,medium,above_road,25.48,94.1383,0.0,Manipur,1721.0,15.2,,12.657657657657658
5107,2013-07-15 00:00:00,landslide,rain,medium,unknown,25.6269,94.1139,0.0,Nagaland,1558.0,34.6,,19.954954954954957
5107,2013-07-15 00:00:00,landslide,rain,medium,unknown,25.6269,94.1139,0.0,Nagaland,1558.0,34.6,,19.954954954954957
7253,2015-07-22 00:00:00,landslide,continuous_rain,medium,urban,24.7979,92.9974,5.0,Assam,24.0,32.2,,0.0
6286,2014-09-22 00:00:00,landslide,rain,small,unknown,26.1044,91.7082,0.0,Assam,55.0,45.8,,4.0990990990990985
594,2008-06-19 00:00:00,mudslide,monsoon,medium,unknown,24.9336,93.8275,,Manipur,1023.0,10.5,,5.27027027027027
5337,2013-08-16 00:00:00,landslide,rain,medium,unknown,26.4205,94.9731,,Nagaland,690.0,14.5,,10.09009009009009
5337,2013-08-16 00:00:00,landslide,rain,medium,unknown,26.4205,94.9731,,Nagaland,690.0,14.5,,10.09009009009009
3881,2011-08-05 00:00:00,landslide,downpour,medium,unknown,27.1034,93.6885,0.0,Arunachal Pradesh,147.0,14.5,,0.7657657657657657
3925,2011-08-15 00:00:00,landslide,downpour,medium,unknown,27.4888,93.0153,0.0,Arunachal Pradesh,524.0,91.1,,4.63963963963964
7383,2015-08-01 00:00:00,landslide,rain,medium,unknown,23.899,94.1434,0.0,Manipur,269.0,7.6,,7.027027027027027
8900,2016-07-07 00:00:00,landslide,monsoon,large,above_road,25.0118,94.3136,0.0,Manipur,1372.0,3.0,,5.36036036036036
4757,2013-02-18 00:00:00,landslide,rain,medium,unknown,28.1193,95.1645,3.0,Arunachal Pradesh,823.0,7.8,,27.027027027027028
7666,2015-08-11 00:00:00,landslide,continuous_rain,medium,unknown,25.1019,93.3729,0.0,Manipur,1133.0,10.6,,4.72972972972973
2113,2010-07-21 08:00:00,landslide,downpour,medium,unknown,27.3773,88.559,0.0,Sikkim,1437.0,36.1,,25.135135135135133
2045,2010-07-06 00:00:00,mudslide,monsoon,medium,unknown,26.2363,94.8133,0.0,Nagaland,1560.0,3.0,,16.71171171171171
7701,2015-08-19 15:00:00,landslide,continuous_rain,medium,above_road,25.6278,94.1051,0.0,Nagaland,1508.0,19.5,,32.79279279279279
2422,2010-09-13 00:00:00,landslide,downpour,medium,urban,23.74182634,92.7141905,,Mizoram,929.0,12.9,,9.954954954954957
6513,2014-08-14 23:00:00,mudslide,downpour,medium,unknown,23.0137,91.7174,3.0,Tripura,21.0,12.0,,0.4504504504504504
4990,2013-06-27 23:00:00,landslide,downpour,medium,unknown,27.3765,88.7628,0.0,Sikkim,3764.0,24.2,,3.333333333333333
2248,2010-08-14 00:00:00,landslide,downpour,medium,unknown,26.222,94.9152,0.0,Nagaland,1734.0,28.2,,22.027027027027028
5268,2013-08-04 00:00:00,landslide,continuous_rain,medium,unknown,26.0137,94.5163,,Nagaland,1715.0,10.4,,2.4324324324324325
6106,2014-06-26 23:00:00,landslide,continuous_rain,small,unknown,26.1407,91.7645,3.0,Assam,61.0,26.3,,2.5675675675675675
3965,2011-09-06 08:00:00,landslide,rain,medium,unknown,24.808,93.117,3.0,Assam,38.0,11.1,,0.2702702702702703
6969,2015-06-16 06:15:00,landslide,downpour,medium,urban,25.5114,90.215,4.0,Meghalaya,305.0,21.8,,6.486486486486487
2044,2010-07-06 00:00:00,mudslide,monsoon,medium,unknown,25.8877,94.7861,0.0,Nagaland,1160.0,6.9,,1.2612612612612613
2587,2010-10-10 06:00:00,landslide,downpour,medium,unknown,25.6623,94.1072,0.0,Nagaland,1394.0,1.8,,6.576576576576576
8684,2016-07-07 00:00:00,landslide,continuous_rain,medium,retaining_wall,25.9611,91.3681,2.0,Assam,187.0,,,0.4504504504504504
1596,2010-03-27 20:00:00,mudslide,downpour,medium,unknown,24.7339,93.9161,0.0,Manipur,886.0,2.5,,0.09009009009009
1771,2010-04-20 00:00:00,landslide,downpour,medium,unknown,26.1978,91.7665,0.0,Assam,92.0,45.7,,0.4954954954954955
7364,2015-07-31 09:00:00,landslide,continuous_rain,medium,below_road,24.819,94.3551,0.0,Manipur,1615.0,59.9,,9.864864864864863
6968,2015-06-13 00:00:00,landslide,continuous_rain,medium,unknown,25.463,92.2121,4.0,Meghalaya,1372.0,35.4,,2.1621621621621623
7373,2015-08-01 00:00:00,landslide,continuous_rain,medium,above_road,24.9111,94.4759,,Manipur,1804.0,3.9,,4.90990990990991
4570,2012-09-19 00:00:00,landslide,downpour,medium,unknown,27.8458,95.2253,,Arunachal Pradesh,134.0,50.9,,0.2252252252252252
1935,2010-06-03 00:00:00,landslide,downpour,medium,unknown,23.8986,91.7599,0.0,Tripura,212.0,3.9,,2.4324324324324325
2577,2010-10-09 00:00:00,landslide,downpour,medium,unknown,25.5265,93.8673,0.0,Nagaland,1354.0,17.5,,29.324324324324323
7276,2015-07-25 09:00:00,landslide,continuous_rain,medium,natural_slope,26.1062,91.8717,2.0,Assam,247.0,0.1,,
2576,2010-10-09 00:00:00,landslide,downpour,medium,unknown,25.4788,94.1399,0.0,Nagaland,1660.0,13.3,,13.108108108108109
6293,2014-10-20 00:00:00,landslide,rain,medium,unknown,25.5006,90.0896,6.0,Meghalaya,48.0,0.2,,2.837837837837838
4858,2013-05-11 09:00:00,landslide,rain,medium,unknown,26.1662,91.7138,,Assam,165.0,14.0,,0.6306306306306306
5269,2013-08-04 00:00:00,landslide,continuous_rain,medium,unknown,25.8376,94.5234,,Nagaland,801.0,8.9,,1.0810810810810811
5270,2013-08-04 00:00:00,landslide,continuous_rain,medium,unknown,26.0481,94.4619,,Nagaland,856.0,10.4,,18.6036036036036
6284,2014-09-22 00:00:00,landslide,rain,small,unknown,26.1324,91.8342,0.0,Assam,71.0,58.2,,0.4954954954954955
4394,2012-06-07 04:30:00,landslide,rain,large,unknown,27.1748,88.6458,7.0,Sikkim,930.0,3.9,,37.02702702702703
9251,2016-07-28 23:00:00,landslide,downpour,medium,retaining_wall,25.8702,94.7844,0.0,Nagaland,1129.0,3.4,,14.90990990990991
7699,2015-08-19 00:00:00,landslide,continuous_rain,medium,unknown,26.0214,94.5224,0.0,Nagaland,1603.0,26.3,,10.9009009009009
7664,2015-08-11 00:00:00,landslide,continuous_rain,medium,unknown,24.7459,93.4251,0.0,Manipur,769.0,11.8,,9.72972972972973
7589,2015-08-19 00:00:00,landslide,rain,medium,above_road,25.2568,92.3825,0.0,Meghalaya,802.0,48.6,,1.2162162162162162
7887,2015-08-16 00:00:00,landslide,continuous_rain,medium,above_road,27.8835,96.9262,0.0,Arunachal Pradesh,956.0,16.7,,13.378378378378375
9404,2016-05-01 00:00:00,landslide,downpour,medium,above_road,28.0822,96.5316,0.0,Arunachal Pradesh,543.0,5.1,,4.324324324324325
6287,2014-09-22 00:00:00,landslide,rain,small,unknown,26.1295,91.7056,0.0,Assam,130.0,58.2,,5.63063063063063
2296,2010-08-20 00:00:00,complex,downpour,medium,unknown,27.167,88.3652,0.0,Sikkim,1516.0,70.0,,22.117117117117115
2304,2010-08-21 18:00:00,landslide,downpour,medium,unknown,25.5718,94.1211,0.0,Nagaland,1649.0,5.4,,15.45045045045045
5273,2013-08-04 00:00:00,landslide,monsoon,medium,unknown,26.1807,94.5497,,Nagaland,1658.0,15.0,,15.585585585585584
1125,2009-08-26 00:00:00,landslide,rain,medium,unknown,27.3746,88.7648,,Sikkim,3751.0,10.1,,3.0180180180180183
8995,2016-07-14 00:00:00,landslide,monsoon,small,unknown,26.1963,91.8074,1.0,Assam,196.0,10.4,,1.936936936936937
2567,2010-10-08 00:00:00,complex,downpour,medium,unknown,25.6633,94.4703,0.0,Manipur,1443.0,27.3,,6.171171171171172
3794,2011-07-17 00:00:00,landslide,rain,medium,above_road,26.99195749,88.42280921,,Sikkim,322.0,13.2,,4.504504504504505
6285,2014-09-22 00:00:00,landslide,rain,small,above_road,26.159,91.8178,0.0,Assam,68.0,58.2,,0.1351351351351351
868,2008-10-29 00:00:00,landslide,downpour,medium,unknown,26.3333,91.25,7.0,Assam,42.0,0.0,,0.0
5005,2013-07-01 00:00:00,landslide,downpour,medium,unknown,26.72,95.029,0.0,Nagaland,717.0,17.2,,2.2522522522522523
3860,2011-07-29 00:00:00,landslide,rain,medium,unknown,25.4192,94.108,0.0,Nagaland,1400.0,14.8,,2.2972972972972974
5476,2013-09-07 15:00:00,landslide,rain,medium,unknown,27.3736,88.7323,0.0,Sikkim,3454.0,2.0,,12.927927927927929
1127,2009-08-27 00:00:00,landslide,downpour,medium,unknown,25.1718,93.123,,Assam,693.0,7.3,,5.7657657657657655
5603,2013-10-13 19:30:00,mudslide,downpour,medium,unknown,25.426,94.6024,0.0,Manipur,1311.0,0.0,,9.00900900900901
2042,2010-07-06 00:00:00,mudslide,monsoon,medium,unknown,26.0093,94.5238,0.0,Nagaland,1828.0,3.5,,4.72972972972973
5442,2013-09-02 00:00:00,landslide,downpour,large,unknown,27.1614,93.7525,,Arunachal Pradesh,150.0,12.2,,4.234234234234234
7933,2015-09-01 00:00:00,rock_fall,rain,medium,unknown,26.1868,91.6739,2.0,Assam,50.0,42.7,,0.3153153153153153
3637,2011-06-21 00:00:00,landslide,rain,medium,deforested_slope,25.51614662,94.2341227,,Nagaland,1623.0,17.0,,21.846846846846844
3837,2011-07-24 12:30:00,landslide,downpour,medium,unknown,26.5836,93.0038,0.0,Assam,68.0,7.7,,0.2252252252252252
220,2007-08-31 00:00:00,landslide,rain,medium,unknown,25.1333,93.9667,,Manipur,1009.0,7.9,,4.009009009009009
212,2007-08-26 00:00:00,complex,rain,medium,unknown,25.5576,91.8506,,Meghalaya,1669.0,16.3,,9.684684684684685
7372,2015-07-31 23:00:00,mudslide,continuous_rain,medium,above_road,25.0634,94.3415,0.0,Manipur,1742.0,50.8,,15.585585585585584
2570,2010-10-08 00:00:00,landslide,downpour,medium,unknown,24.837,93.9128,0.0,Manipur,813.0,27.2,,2.1621621621621623
126,2007-07-16 00:00:00,mudslide,rain,medium,unknown,27.1499,88.38,,Sikkim,1099.0,18.7,,5.495495495495495
1168,2009-09-17 00:00:00,landslide,rain,medium,unknown,27.1954,88.6115,,Sikkim,487.0,12.2,,23.063063063063066
3806,2011-07-19 00:00:00,landslide,downpour,medium,unknown,27.1032,93.6884,3.0,Arunachal Pradesh,149.0,10.9,,0.6756756756756757
2026,2010-06-28 00:00:00,landslide,downpour,medium,unknown,25.4916,91.2698,0.0,Meghalaya,1490.0,86.2,,1.1261261261261262
714,2008-08-14 00:00:00,landslide,rain,medium,unknown,27.163,94.0,,Assam,95.0,13.5,,0.4054054054054054
6110,2014-06-27 00:00:00,landslide,rain,small,unknown,26.1619,91.7697,3.0,Assam,55.0,7.0,,6.621621621621622
247,2007-09-08 00:00:00,landslide,rain,medium,unknown,25.0604,93.9877,,Manipur,1485.0,23.5,,0.5405405405405406
4407,2012-06-13 00:00:00,landslide,downpour,medium,unknown,25.0951,92.3567,,Assam,246.0,12.0,,3.783783783783784
3789,2011-07-16 00:00:00,landslide,downpour,medium,unknown,27.2743,92.9064,0.0,Arunachal Pradesh,695.0,5.3,,10.09009009009009
6292,2014-09-23 00:00:00,landslide,continuous_rain,small,unknown,25.7238,89.9032,1.0,Assam,30.0,3.3,,1.2162162162162162
545,2008-05-20 00:00:00,mudslide,mining,medium,unknown,24.9849,92.8411,5.0,Assam,252.0,26.2,,6.801801801801802
7265,2015-07-22 00:00:00,landslide,continuous_rain,medium,above_road,25.5007,93.9854,0.0,Manipur,1437.0,20.6,,16.35135135135135
2436,2010-09-16 03:00:00,landslide,downpour,medium,unknown,24.3069,93.125,0.0,Mizoram,719.0,6.4,,13.01801801801802
7727,2015-08-20 18:00:00,landslide,continuous_rain,medium,below_road,25.6263,94.1057,0.0,Nagaland,1546.0,39.7,,28.693693693693696
7334,2015-08-18 00:00:00,landslide,unknown,medium,unknown,28.1737,94.7596,1.0,Arunachal Pradesh,610.0,50.1,,14.144144144144144
6200,2014-08-17 00:00:00,landslide,downpour,large,unknown,27.0869,93.6086,0.0,Arunachal Pradesh,312.0,11.5,,4.72972972972973
7778,2015-08-26 00:00:00,mudslide,continuous_rain,medium,above_road,23.8447,93.0514,0.0,Mizoram,1053.0,17.4,,0.09009009009009
6290,2014-09-23 03:00:00,landslide,continuous_rain,small,urban,25.5772,91.8666,8.0,Meghalaya,1469.0,76.2,,6.936936936936937
4408,2012-06-13 00:00:00,landslide,downpour,medium,unknown,25.5498,92.0757,,Meghalaya,1245.0,13.9,,5.7207207207207205
4403,2012-06-10 00:00:00,landslide,downpour,very_large,unknown,24.8142,93.5444,,Manipur,562.0,9.9,,2.927927927927928
5429,2013-09-01 18:00:00,landslide,downpour,medium,unknown,27.3425,88.2426,5.0,Sikkim,1382.0,35.9,,42.07207207207207
2140,2010-07-25 00:00:00,landslide,downpour,medium,unknown,25.0477,92.801,0.0,Assam,184.0,9.9,,4.27927927927928
2243,2010-08-13 00:00:00,landslide,downpour,medium,mine,25.70223725,94.04619681,0.0,Nagaland,1016.0,7.8,,20.63063063063063
9142,2016-06-14 08:00:00,landslide,continuous_rain,medium,retaining_wall,26.3185,94.5247,0.0,Nagaland,1171.0,8.5,,13.378378378378375
6107,2014-06-26 23:00:00,landslide,continuous_rain,small,unknown,26.1844,91.7896,1.0,Assam,64.0,26.3,,0.4504504504504504
255,2007-09-10 00:00:00,landslide,rain,medium,unknown,24.2451,94.0691,,Manipur,1349.0,3.8,,9.684684684684685
7660,2015-08-12 00:00:00,mudslide,continuous_rain,medium,below_road,25.6237,94.1136,0.0,Nagaland,1610.0,11.6,,31.17117117117117
4556,2012-09-16 00:00:00,landslide,downpour,medium,unknown,27.1675,88.3651,,Sikkim,1551.0,90.9,,18.693693693693696
7389,2015-08-01 00:00:00,landslide,continuous_rain,medium,above_road,24.4072,94.0644,0.0,Manipur,1148.0,6.6,,3.468468468468469
2437,2010-09-16 00:00:00,landslide,downpour,medium,unknown,23.7527,92.694,0.0,Mizoram,793.0,12.6,,18.24324324324324
731,2008-08-19 00:00:00,mudslide,downpour,medium,unknown,26.138,94.25,4.0,Nagaland,1021.0,36.9,,10.135135135135137
7371,2015-08-01 00:00:00,landslide,continuous_rain,medium,unknown,23.9939,94.0573,0.0,Manipur,968.0,11.3,,
7923,2015-09-01 00:00:00,landslide,rain,medium,unknown,26.49349035,91.72137514,2.0,Assam,62.0,17.5,,0.09009009009009
760,2008-08-29 00:00:00,complex,downpour,medium,unknown,25.67,94.1066,,Nagaland,1408.0,29.9,,1.3063063063063065
2182,2010-07-31 09:00:00,landslide,rain,medium,unknown,24.9356,93.8443,0.0,Manipur,850.0,8.8,,1.2162162162162162
1954,2010-06-07 00:00:00,landslide,rain,medium,unknown,24.7543,93.5039,0.0,Manipur,422.0,14.8,,22.07207207207207
6963,2015-06-19 00:00:00,landslide,rain,medium,natural_slope,23.7131,92.7362,0.0,Mizoram,879.0,9.1,,5.495495495495495
5336,2013-08-16 00:00:00,landslide,rain,medium,unknown,26.3897,94.9439,,Nagaland,514.0,14.5,,4.90990990990991
7590,2015-08-19 00:00:00,landslide,rain,small,unknown,25.1416,92.3807,0.0,Meghalaya,172.0,48.6,,14.234234234234233
1222,2009-10-05 00:00:00,landslide,downpour,medium,urban,23.73478778,92.72124394,3.0,Mizoram,972.0,19.7,,4.864864864864865
8222,2016-06-22 12:00:00,mudslide,downpour,medium,natural_slope,26.1961,91.7825,1.0,Assam,142.0,9.8,,0.8558558558558558
7706,2015-08-19 00:00:00,landslide,rain,medium,above_road,25.0728,92.3636,0.0,Meghalaya,120.0,71.7,,18.513513513513512
9620,2016-10-15 00:00:00,landslide,downpour,medium,above_road,27.172,88.5292,0.0,Sikkim,301.0,0.0,,6.351351351351352
8224,2015-09-14 01:30:00,landslide,downpour,medium,above_road,23.7313,92.7187,0.0,Mizoram,1039.0,12.8,,6.126126126126126
4241,2012-03-04 00:00:00,landslide,unknown,medium,unknown,25.1604,93.6795,0.0,Manipur,1065.0,0.6,,7.792792792792793
755,2008-08-28 00:00:00,landslide,downpour,medium,unknown,27.337,88.609,,Sikkim,1535.0,64.5,,32.47747747747748
1756,2010-04-17 00:00:00,landslide,downpour,small,unknown,27.322,88.6087,0.0,Sikkim,1477.0,5.4,,17.92792792792793
1930,2010-05-31 00:00:00,landslide,downpour,medium,unknown,28.4298,95.8776,0.0,Arunachal Pradesh,503.0,17.9,,13.423423423423422
9334,2016-05-18 08:00:00,landslide,continuous_rain,unknown,unknown,24.5204,92.7264,2.0,Assam,40.0,24.1,,0.09009009009009
8237,2016-07-01 00:00:00,landslide,downpour,large,unknown,27.0136,92.6351,5.0,Arunachal Pradesh,231.0,20.7,,1.4414414414414414
585,2008-06-14 00:00:00,landslide,rain,large,unknown,27.0998,93.6287,21.0,Arunachal Pradesh,402.0,16.0,,0.5855855855855856
4859,2013-05-11 00:00:00,landslide,rain,medium,unknown,26.1771,91.7599,,Assam,66.0,14.0,,1.4414414414414414
4436,2012-06-25 00:00:00,landslide,downpour,medium,unknown,26.9986,95.4993,,Arunachal Pradesh,615.0,45.9,,14.819819819819822
3916,2011-08-13 08:00:00,mudslide,downpour,medium,unknown,25.7713,93.8067,0.0,Assam,235.0,25.7,,3.603603603603604
5250,2013-08-01 00:00:00,mudslide,rain,medium,unknown,27.8837,93.0515,,Arunachal Pradesh,1679.0,21.0,,9.594594594594597
3805,2011-07-19 00:00:00,landslide,rain,medium,above_road,27.05374234,88.42572376,0.0,Sikkim,287.0,133.4,,1.7117117117117115
3738,2011-07-06 00:00:00,landslide,downpour,medium,unknown,24.8063,93.9482,6.0,Manipur,783.0,0.7,,0.09009009009009
2426,2010-09-13 00:00:00,landslide,downpour,medium,unknown,22.7176,92.8416,0.0,Mizoram,761.0,19.9,,5.7657657657657655
1084,2009-08-12 00:00:00,landslide,downpour,medium,unknown,27.7,92.8,0.0,Arunachal Pradesh,2477.0,151.3,,23.87387387387388
7266,2015-07-22 00:00:00,landslide,continuous_rain,medium,above_road,25.5098,93.8794,0.0,Manipur,1642.0,20.6,,30.495495495495494
1129,2009-08-30 00:00:00,landslide,downpour,medium,unknown,24.8628,94.4182,,Manipur,922.0,8.6,,11.891891891891891
2166,2010-07-29 00:00:00,landslide,downpour,medium,unknown,24.9786,93.5027,0.0,Assam,1295.0,20.7,,2.3873873873873874
213,2007-08-26 00:00:00,landslide,rain,medium,unknown,25.2946,92.8339,,Assam,872.0,57.0,,12.207207207207208
4426,2012-06-22 00:00:00,landslide,downpour,medium,unknown,26.1226,91.7162,3.0,Assam,122.0,65.4,,0.1351351351351351
8366,2015-09-23 15:00:00,landslide,downpour,medium,natural_slope,25.583,91.893,2.0,Meghalaya,1451.0,38.5,,0.4054054054054054
1934,2010-06-03 05:00:00,landslide,downpour,medium,unknown,24.6005,92.3814,2.0,Assam,70.0,2.4,,0.045045045045045
7655,2016-04-22 02:30:00,landslide,continuous_rain,medium,above_road,27.5799,91.8569,17.0,Arunachal Pradesh,2758.0,35.3,,17.34234234234234
9464,2016-08-05 00:00:00,landslide,downpour,medium,unknown,27.5754,91.9754,0.0,Arunachal Pradesh,2379.0,8.0,,11.44144144144144
3912,2011-08-12 00:00:00,landslide,rain,medium,unknown,27.44,92.2833,0.0,Arunachal Pradesh,2580.0,4.5,,20.405405405405403
5272,2013-08-04 00:00:00,landslide,monsoon,medium,unknown,26.2083,94.5438,,Nagaland,1469.0,15.0,,3.873873873873874
580,2008-06-09 00:00:00,landslide,monsoon,medium,unknown,24.6596,93.9784,,Manipur,777.0,5.9,,0.045045045045045
5575,2013-10-05 23:00:00,mudslide,continuous_rain,medium,unknown,25.8266,94.1497,0.0,Nagaland,1409.0,27.6,,4.774774774774775
8996,2016-07-14 00:00:00,landslide,monsoon,small,natural_slope,26.1768,91.7702,1.0,Assam,127.0,10.4,,0.6306306306306306
1613,2010-04-02 23:00:00,mudslide,downpour,large,unknown,27.8997,93.3497,12.0,Arunachal Pradesh,872.0,19.7,,4.36936936936937
7138,2015-07-07 00:00:00,landslide,continuous_rain,small,above_road,27.0816,88.4397,0.0,Sikkim,240.0,2.4,,16.26126126126126
4857,2013-05-11 09:00:00,landslide,rain,large,unknown,23.7281,92.7175,15.0,Mizoram,1080.0,6.4,,3.288288288288288
6945,2015-06-19 00:00:00,landslide,monsoon,medium,above_road,25.16,93.686,0.0,Manipur,1089.0,2.2,,9.54954954954955
1857,2010-05-11 09:00:00,landslide,downpour,medium,unknown,25.3433,92.2897,0.0,Meghalaya,1204.0,37.4,,1.4414414414414414
2743,2010-11-22 00:00:00,landslide,unknown,medium,natural_slope,27.5798729,91.85672387,,Arunachal Pradesh,2758.0,0.0,,17.34234234234234
4860,2013-05-11 00:00:00,landslide,rain,medium,unknown,26.1016,91.6906,,Assam,109.0,5.3,,9.36936936936937
4845,2013-05-07 00:00:00,mudslide,rain,medium,unknown,24.2315,92.6755,,Mizoram,680.0,66.5,,2.7927927927927927
1770,2010-04-20 00:00:00,landslide,downpour,medium,unknown,26.1965,91.763,0.0,Assam,81.0,45.7,,0.5855855855855856
7728,2015-08-22 09:00:00,landslide,continuous_rain,medium,above_road,26.1028,91.8806,0.0,Assam,151.0,30.5,,5.900900900900901
5274,2013-08-04 00:00:00,landslide,rain,medium,unknown,26.0838,94.564,,Nagaland,1848.0,10.4,,2.5675675675675675
7836,2015-08-27 00:00:00,landslide,downpour,medium,above_road,24.042,92.6724,0.0,Mizoram,815.0,6.2,,2.837837837837838
3776,2011-07-15 18:00:00,landslide,downpour,small,unknown,27.125,93.7145,0.0,Arunachal Pradesh,132.0,38.8,,0.4954954954954955
4798,2013-04-07 00:00:00,landslide,rain,medium,unknown,28.8254,96.1509,,Arunachal Pradesh,3620.0,0.5,,6.576576576576576
7388,2015-08-01 00:00:00,landslide,continuous_rain,medium,unknown,24.416,94.0984,0.0,Manipur,1347.0,6.6,,14.27927927927928
5421,2013-08-30 00:00:00,mudslide,unknown,medium,unknown,26.4205,94.9731,,Nagaland,690.0,8.7,,10.09009009009009
5421,2013-08-30 00:00:00,mudslide,unknown,medium,unknown,26.4205,94.9731,,Nagaland,690.0,8.7,,10.09009009009009
2343,2010-08-27 16:30:00,landslide,downpour,medium,unknown,25.4786,94.1327,0.0,Nagaland,1738.0,17.5,,15.315315315315312
3683,2011-07-01 00:00:00,landslide,downpour,medium,unknown,25.8782,94.1739,0.0,Nagaland,1357.0,11.1,,8.603603603603602
9619,2016-10-15 00:00:00,landslide,rain,medium,above_road,27.1695,88.3664,0.0,Sikkim,1576.0,2.1,,16.26126126126126
7591,2015-03-19 00:00:00,landslide,rain,small,unknown,25.0318,92.4584,0.0,Assam,102.0,0.0,,12.162162162162163
5441,2013-09-02 00:00:00,landslide,downpour,large,unknown,28.611,94.9829,,Arunachal Pradesh,1610.0,44.6,,37.38738738738739
9232,2016-07-28 23:00:00,landslide,continuous_rain,medium,unknown,23.5397,93.3783,2.0,Mizoram,1582.0,4.7,,7.207207207207207
4434,2012-06-25 18:00:00,landslide,downpour,large,unknown,26.1049,91.7369,1.0,Assam,164.0,42.1,,0.1351351351351351
4378,2012-06-02 00:00:00,landslide,downpour,medium,unknown,28.8254,96.1517,,Arunachal Pradesh,3589.0,31.4,,8.513513513513514
7214,2015-07-15 08:00:00,landslide,monsoon,medium,urban,27.36,93.0385,3.0,Arunachal Pradesh,404.0,52.8,,2.837837837837838
5582,2013-10-06 12:45:00,landslide,downpour,medium,unknown,26.1309,91.8383,1.0,Assam,96.0,22.4,,3.468468468468469
2405,2010-09-09 23:00:00,landslide,downpour,medium,unknown,28.3036,95.4112,10.0,Arunachal Pradesh,1835.0,49.7,,30.45045045045045
3556,2011-05-31 14:00:00,landslide,continuous_rain,small,unknown,25.1555,93.8474,0.0,Manipur,1406.0,58.2,,6.216216216216217
2569,2010-10-08 00:00:00,landslide,downpour,medium,unknown,25.2745,94.0212,0.0,Nagaland,1083.0,32.8,,5.990990990990991
2423,2010-09-13 00:00:00,landslide,downpour,medium,above_road,23.73504471,92.71060943,,Mizoram,977.0,12.9,,14.549549549549551
3532,2011-05-24 00:00:00,complex,downpour,medium,unknown,25.0888,92.8551,0.0,Assam,244.0,16.3,,1.351351351351351
2345,2010-08-27 18:00:00,landslide,downpour,medium,unknown,27.3392,88.6188,0.0,Sikkim,1892.0,33.8,,27.837837837837835
7956,2015-09-05 00:00:00,landslide,unknown,medium,above_road,26.048,91.8695,0.0,Meghalaya,85.0,3.4,,0.1351351351351351
2425,2010-09-13 00:00:00,landslide,downpour,medium,unknown,23.3439,93.0748,0.0,Mizoram,1376.0,18.4,,15.135135135135137
6970,2015-06-16 00:00:00,rock_fall,downpour,small,above_road,25.5084,90.2191,1.0,Meghalaya,300.0,21.8,,11.531531531531533
5312,2013-08-11 23:00:00,landslide,downpour,very_large,unknown,26.7103,94.693,0.0,Assam,688.0,22.5,,2.837837837837838
1929,2010-05-31 23:00:00,landslide,downpour,medium,unknown,27.3543,88.6428,0.0,Sikkim,2126.0,2.9,,10.855855855855856
2568,2010-10-08 00:00:00,landslide,downpour,medium,unknown,24.7679,93.4108,0.0,Assam,483.0,36.1,,8.018018018018019
7409,2015-08-02 00:00:00,landslide,continuous_rain,medium,unknown,25.72,94.6219,0.0,Nagaland,1765.0,7.1,,13.333333333333334
9219,2016-07-26 23:00:00,landslide,downpour,medium,retaining_wall,26.0101,94.5282,0.0,Nagaland,1701.0,1.5,,13.423423423423422
2579,2010-10-09 00:00:00,landslide,downpour,medium,unknown,25.682,94.1076,0.0,Nagaland,1435.0,13.3,,1.1261261261261262
8223,2015-09-14 03:10:00,landslide,downpour,large,above_road,23.7348,92.7187,0.0,Mizoram,1043.0,12.8,,4.009009009009009
7336,2015-08-19 09:00:00,landslide,continuous_rain,medium,above_road,25.2193,90.5549,0.0,Meghalaya,249.0,52.3,,2.612612612612613
9252,2016-07-28 00:00:00,landslide,monsoon,medium,unknown,27.5748,91.8644,0.0,Arunachal Pradesh,2695.0,8.2,,21.71171171171171
5300,2013-08-09 00:00:00,landslide,downpour,large,unknown,25.318,94.0441,,Nagaland,1026.0,5.9,,3.198198198198198
7665,2015-08-11 00:00:00,landslide,continuous_rain,medium,unknown,24.7016,93.5291,0.0,Manipur,664.0,11.8,,3.333333333333333
1994,2010-06-16 00:00:00,landslide,downpour,medium,unknown,25.0633,92.8025,0.0,Assam,91.0,16.0,,1.0810810810810811
3760,2011-07-11 09:00:00,landslide,downpour,medium,unknown,25.6703,94.1095,0.0,Nagaland,1448.0,19.3,,0.945945945945946
692,2008-08-07 00:00:00,landslide,downpour,medium,unknown,25.705,94.04,,Nagaland,1029.0,9.5,,29.144144144144143
3633,2011-06-20 00:00:00,landslide,downpour,medium,unknown,26.3186,94.5121,0.0,Nagaland,1260.0,15.1,,5.225225225225225
7374,2015-08-01 00:00:00,landslide,continuous_rain,medium,below_road,25.1122,94.3591,0.0,Manipur,1822.0,4.1,,13.783783783783784
4446,2012-07-05 00:00:00,landslide,downpour,large,unknown,28.9986,94.8885,,Arunachal Pradesh,604.0,70.9,,0.6306306306306306
2098,2010-07-19 06:00:00,landslide,downpour,medium,unknown,26.7215,95.0283,0.0,Nagaland,704.0,62.0,,0.8108108108108109
269,2007-09-18 00:00:00,landslide,rain,medium,unknown,27.2872,88.2816,,Sikkim,574.0,3.0,,11.621621621621625
2205,2010-08-06 00:00:00,landslide,downpour,medium,unknown,23.7365,92.7146,0.0,Mizoram,1010.0,17.9,,2.5675675675675675
4610,2012-11-11 00:00:00,landslide,downpour,medium,unknown,23.7705,92.5217,4.0,Mizoram,69.0,0.0,,0.6756756756756757
5275,2013-08-04 00:00:00,landslide,monsoon,medium,unknown,26.1498,94.6055,,Nagaland,1721.0,15.0,,20.63063063063063
2247,2010-08-14 00:00:00,landslide,downpour,medium,unknown,26.148,94.8422,0.0,Nagaland,1504.0,19.4,,1.2162162162162162
3927,2011-08-16 08:00:00,landslide,downpour,medium,unknown,25.5144,90.2167,6.0,Meghalaya,327.0,73.4,,9.0990990990991
259,2007-09-11 00:00:00,landslide,rain,medium,unknown,25.52,91.27,,Meghalaya,1340.0,7.9,,7.522522522522522
6112,2014-06-28 09:00:00,landslide,rain,medium,unknown,26.1964,91.7652,0.0,Assam,78.0,4.7,,0.4504504504504504
7390,2015-08-01 00:00:00,landslide,continuous_rain,medium,above_road,24.4265,94.1913,0.0,Manipur,1299.0,6.8,,2.2972972972972974
2420,2010-09-13 00:00:00,landslide,downpour,medium,urban,23.72988966,92.71495623,1.0,Mizoram,946.0,12.9,,1.351351351351351
264,2007-09-13 00:00:00,landslide,rain,medium,unknown,26.1833,91.8,,Assam,67.0,17.7,,1.7567567567567568
251,2007-09-09 00:00:00,landslide,rain,medium,unknown,27.1667,88.35,1.0,Sikkim,1162.0,24.9,,23.063063063063066
6214,2014-10-05 17:45:00,landslide,rain,medium,above_road,25.9702,91.8587,1.0,Meghalaya,299.0,0.0,,0.6306306306306306
4411,2012-06-14 04:00:00,landslide,downpour,medium,unknown,27.339,88.6065,,Sikkim,1487.0,25.0,,30.495495495495494
252,2007-09-09 00:00:00,landslide,rain,medium,unknown,25.4993,94.1192,,Nagaland,1923.0,12.8,,0.4954954954954955
142,2007-07-27 00:00:00,rock_fall,rain,large,unknown,25.5212,90.232,8.0,Meghalaya,583.0,62.9,,7.567567567567568
7384,2015-08-01 00:00:00,landslide,rain,medium,unknown,23.9278,94.0906,0.0,Manipur,909.0,11.3,,8.198198198198197
211,2007-08-26 00:00:00,mudslide,continuous_rain,medium,unknown,24.9667,93.55,1.0,Manipur,585.0,42.9,,7.567567567567568
4384,2012-06-03 00:00:00,landslide,downpour,medium,unknown,25.1775,93.0123,,Assam,646.0,159.2,,9.18918918918919
4383,2012-06-03 00:00:00,landslide,downpour,medium,unknown,25.3056,93.1265,,Assam,285.0,143.7,,6.261261261261261
7375,2015-08-01 00:00:00,landslide,continuous_rain,medium,above_road,25.1941,94.4481,0.0,Manipur,1713.0,3.6,,11.081081081081082
2163,2010-07-29 00:00:00,landslide,downpour,medium,unknown,25.4196,94.1054,0.0,Nagaland,1415.0,20.5,,6.981981981981981
3932,2011-08-18 00:00:00,landslide,monsoon,medium,unknown,25.83,94.13,0.0,Nagaland,1006.0,3.8,,0.8108108108108109
4861,2013-05-12 00:00:00,mudslide,rain,medium,unknown,24.9926,93.4946,,Assam,1131.0,4.0,,6.621621621621622
7972,2015-08-28 01:45:00,landslide,downpour,large,unknown,23.4495,92.8112,0.0,Mizoram,867.0,1.3,,2.072072072072072
3831,2011-07-22 00:00:00,landslide,downpour,medium,unknown,24.7992,93.948,0.0,Manipur,779.0,10.9,,0.0
5584,2013-10-06 00:00:00,landslide,downpour,medium,unknown,26.1665,91.7049,0.0,Assam,231.0,22.4,,0.4504504504504504
1986,2010-06-15 00:00:00,landslide,downpour,medium,unknown,26.3335,94.5512,0.0,Nagaland,1356.0,18.6,,6.891891891891892
7387,2015-08-01 00:00:00,landslide,continuous_rain,small,below_road,24.954,94.2156,0.0,Manipur,909.0,4.1,,0.045045045045045
2573,2010-10-09 00:00:00,mudslide,downpour,medium,unknown,25.1796,93.0083,1.0,Assam,696.0,24.4,,1.351351351351351
319,2007-10-19 00:00:00,landslide,rain,medium,unknown,25.4379,94.1162,,Nagaland,1518.0,15.4,,1.8468468468468464
313,2007-10-16 00:00:00,landslide,rain,large,unknown,25.7055,94.0132,,Nagaland,1478.0,19.0,,29.23423423423424
9010,2016-07-16 00:00:00,mudslide,downpour,medium,above_road,27.3034,93.804,1.0,Arunachal Pradesh,768.0,24.9,,2.8828828828828827
2539,2010-10-03 00:00:00,landslide,downpour,medium,unknown,28.3092,95.4149,10.0,Arunachal Pradesh,1879.0,6.2,,21.216216216216218
6331,2014-09-08 00:00:00,mudslide,unknown,medium,unknown,25.9466,94.6279,0.0,Nagaland,1376.0,3.9,,8.693693693693694
1987,2010-06-15 00:00:00,landslide,downpour,medium,unknown,25.2269,93.1658,0.0,Assam,396.0,4.2,,0.0
2043,2010-07-06 00:00:00,mudslide,monsoon,medium,unknown,26.7225,95.0281,0.0,Nagaland,706.0,6.5,,4.774774774774775
7910,2015-08-01 00:00:00,landslide,unknown,medium,above_road,24.3481,94.1146,0.0,Manipur,995.0,6.9,,7.882882882882883
6775,2015-02-14 00:00:00,landslide,mining,small,mine,26.1468,91.6469,1.0,Assam,52.0,0.3,,0.1351351351351351
1776,2010-04-21 00:00:00,landslide,downpour,medium,unknown,25.3612,92.2845,0.0,Meghalaya,1227.0,18.7,,0.6306306306306306
6786,2015-02-19 23:00:00,landslide,mining,medium,mine,24.6108,92.562,2.0,Assam,27.0,0.7,,0.3153153153153153
6291,2014-09-21 00:00:00,landslide,continuous_rain,large,unknown,25.7354,90.3852,0.0,Meghalaya,334.0,23.6,,3.5135135135135136
6213,2014-09-24 00:00:00,landslide,continuous_rain,large,unknown,25.8143,90.5763,0.0,Meghalaya,63.0,2.9,,0.3153153153153153
2415,2010-09-12 00:00:00,landslide,downpour,medium,unknown,25.63961883,94.11112157,,Nagaland,1499.0,15.5,,13.423423423423422
9336,2016-05-18 08:00:00,landslide,continuous_rain,small,unknown,24.5308,92.5121,1.0,Assam,67.0,24.8,,0.1351351351351351
9604,2016-10-12 00:00:00,landslide,continuous_rain,medium,above_road,27.2676,88.2891,0.0,Sikkim,573.0,78.2,,11.486486486486488
7837,2015-08-27 00:00:00,landslide,downpour,medium,urban,23.7269,92.7265,0.0,Mizoram,898.0,3.8,,9.234234234234236
7267,2015-07-22 00:00:00,landslide,continuous_rain,small,above_road,25.3908,94.0926,0.0,Manipur,1314.0,20.6,,3.693693693693693
4848,2013-05-08 00:00:00,landslide,rain,medium,unknown,24.0896,91.4663,1.0,Tripura,107.0,74.1,,0.4954954954954955
9122,2016-07-20 00:00:00,landslide,rain,medium,unknown,26.1966,91.802,0.0,Assam,107.0,15.9,,0.8558558558558558
2574,2010-10-09 00:00:00,landslide,downpour,medium,unknown,25.4749,93.1477,0.0,Assam,152.0,17.1,,3.2432432432432434
6282,2014-09-22 00:00:00,landslide,rain,small,urban,26.1097,91.7747,1.0,Assam,60.0,45.8,,4.594594594594595
2263,2010-08-17 00:00:00,landslide,downpour,medium,unknown,26.2753,94.6654,0.0,Nagaland,1115.0,4.8,,4.90990990990991
6289,2014-09-22 00:00:00,landslide,rain,small,unknown,26.1001,91.6849,0.0,Assam,84.0,45.8,,4.63963963963964
9087,2016-07-19 00:00:00,landslide,downpour,medium,above_road,28.235,94.9612,0.0,Arunachal Pradesh,251.0,30.1,,3.198198198198198
130,2007-07-19 00:00:00,landslide,rain,medium,unknown,26.1699,91.7986,6.0,Assam,151.0,8.2,,0.09009009009009
