latitude,longitude,rainfall_mm,soil_moisture,elevation_m,slope_percent,landslide
25.63789605425138,88.76667335654045,143.7,0.475708,285.0,14.14,0
23.7348,92.7187,12.8,0.422792,1043.0,4.91,1
25.93210991064982,95.18875131894663,0.0,0.349625,151.0,4.42,0
22.960124083448907,93.72901594320194,15.5,0.463083,1499.0,23.38,0
27.499049968781705,90.6057995136501,0.0,0.370792,1311.0,13.07,0
23.242230120301418,93.02602506342151,3.9,0.422667,1804.0,9.55,0
27.129753960132927,89.82403913267439,7.0,0.489208,55.0,3.93,0
25.583,91.893,38.5,0.482792,1451.0,0.7,1
22.644276706771414,90.41061712172963,0.8,0.393583,472.0,23.77,0
26.664789520267494,90.78817763049453,49.2,0.48,295.0,1.07,0
28.235,94.9612,30.1,0.428333,251.0,10.5,1
27.1954,88.6115,12.2,0.412458,487.0,10.54,1
26.00372473884925,96.49408108563831,9.5,0.423958,4060.0,3.37,0
25.357602256753868,95.72897137728626,27.6,0.47925,1409.0,1.66,0
26.1049,91.7369,42.1,0.485458,164.0,3.97,1
23.863366065978088,94.16049703870371,13.3,0.452375,1660.0,8.09,0
26.056524813154393,95.34095291271191,36.9,0.477833,1021.0,25.6,0
23.2193500781047,94.93697693015109,5.9,0.42025,1026.0,6.52,0
25.1941,94.4481,3.6,0.445542,1713.0,4.28,1
22.651843140207156,96.39708826680658,13.6,0.48225,147.0,5.67,0
26.467174577149482,96.67488137771798,9.2,0.462625,1683.0,4.47,0
25.5145,90.2023,51.0,0.472375,279.0,3.54,1
28.315390498985465,95.10002595662243,1.3,0.405958,867.0,19.44,0
25.3433,92.2897,37.4,0.4845,1204.0,3.48,1
26.0093,94.5238,3.5,0.485875,1828.0,6.83,1
27.563476608773364,90.02260162767281,45.9,0.475333,615.0,14.37,0
28.3036,95.4112,49.7,0.42825,1835.0,40.36,1
24.7459,93.4251,11.8,0.414875,769.0,24.06,1
23.469344800622753,92.73820082649547,16.3,0.503375,1669.0,9.12,0
28.126121999994268,89.40980328866728,2.5,0.175833,886.0,0.17,0
23.0573050390825,94.37735261852166,50.1,0.429,610.0,9.07,0
28.798464811222278,93.74805192343578,2.1,0.41225,1576.0,10.73,0
26.016825960439515,88.89506644148106,36.1,0.4285,483.0,14.02,0
24.44060622868141,93.73293017057803,68.7,0.490542,1496.0,5.27,0
22.677849429502626,94.22041104961988,90.9,0.43375,1551.0,4.89,0
25.3612,92.2845,18.7,0.479417,1227.0,2.04,1
26.0977,94.7031,12.0,0.467875,1682.0,25.41,1
23.5397,93.3783,4.7,0.412,1582.0,22.06,1
26.685268524353447,91.48426877884685,10.9,0.485625,779.0,0.14,0
22.609856181031663,89.97534682688833,20.6,0.431208,1642.0,26.33,0
25.85830200155062,94.65138871160002,13.3,0.452375,1660.0,8.09,0
26.4205,94.9731,14.5,0.456,690.0,7.32,1
28.354189765197052,91.21128114101353,20.6,0.440167,1437.0,22.87,0
23.27464047589402,91.6504363348152,10.4,0.476,856.0,21.5,0
25.6269,94.1139,19.2,0.487333,1558.0,19.78,1
25.077091466377116,92.92732658647047,13.3,0.474417,1435.0,8.95,0
25.0951,92.3567,12.0,0.47175,246.0,11.49,1
25.0672,93.4093,33.7,0.426042,460.0,14.5,1
25.87119808681237,94.85102792775263,133.4,0.43075,287.0,10.8,0
25.203,90.5573,26.2,0.465833,128.0,1.55,1
22.58714600947805,89.82239111396873,0.0,0.255917,102.0,13.08,0
26.1964,91.7652,4.7,0.454,78.0,4.76,1
27.841613808961892,91.05270169900695,28.2,0.442583,1734.0,17.24,0
25.395949666742194,94.48786056180502,64.5,0.431833,1535.0,32.78,0
27.3341,88.6083,5.4,0.388208,1418.0,34.08,1
25.25267540520359,89.37905452021386,20.6,0.440167,1779.0,30.27,0
28.83166438806034,88.63980552481434,38.8,0.426958,132.0,0.82,0
25.00971265089604,94.90455622576233,25.0,0.418167,1487.0,35.01,0
26.24018256621001,93.74347146968233,45.8,0.481708,84.0,12.39,0
22.71815980956554,96.716623535431,7.0,0.489208,55.0,3.93,0
23.203963105643183,94.39374074460267,13.6,0.48225,147.0,5.67,0
25.0985,94.3619,4.6,0.398875,1889.0,8.26,1
23.012036184693866,95.3182153577292,2.4,0.408083,240.0,7.33,0
22.637530374746504,92.8074832670436,3.9,0.409833,212.0,7.38,0
23.49617912822851,92.86739359650494,9.9,0.461958,184.0,26.07,0
25.756266159842884,96.58815020877776,6.4,0.397,1080.0,4.19,0
25.27586946087417,92.69458195426294,21.5,0.487333,1603.0,31.08,0
27.322,88.6087,5.4,0.388208,1477.0,11.18,1
26.509534485596696,91.47887800632813,29.2,0.480958,535.0,4.11,0
23.9939,94.0573,11.3,0.465375,968.0,17.04,1
25.808868113884696,96.23025823068184,6.8,0.49375,1395.0,10.58,0
23.756729869827858,91.15078639543627,23.0,0.4845,953.0,20.93,0
27.8835,96.9262,16.7,0.424917,956.0,30.17,1
23.368087472235505,88.80016472598562,6.8,0.49375,1395.0,10.58,0
26.49349035,91.72137514,17.5,0.486208,62.0,0.14,1
25.109546894558342,92.42394749159438,15.0,0.48325,754.0,17.35,0
27.172,88.5292,0.0,0.391125,301.0,12.49,1
24.2451,94.0691,3.8,0.433833,1349.0,15.62,1
23.3572,92.7878,7.7,0.414958,1372.0,14.4,1
25.1122,94.3591,4.1,0.42325,1822.0,9.63,1
23.602456632286145,94.22963800600036,6.8,0.423958,1299.0,15.01,0
25.013020457859547,93.62706378338083,49.2,0.48,295.0,1.07,0
26.4333,94.8833,29.2,0.480958,535.0,4.11,1
22.953385696291996,88.94637292045564,26.3,0.477,64.0,1.15,0
27.718620472551464,89.32512085849669,5.4,0.388208,1477.0,11.18,0
25.145209616403275,96.44043368210266,13.5,0.412917,95.0,0.29,0
23.7313,92.7187,12.8,0.422792,1039.0,5.94,1
26.1771,91.7599,14.0,0.485458,66.0,5.93,1
24.4638,92.4943,24.8,0.42725,90.0,7.59,1
26.559356306490535,93.59050958089986,50.9,0.478542,134.0,0.35,0
24.732612420358258,88.92494423789533,15.9,0.475042,107.0,2.28,0
22.73529942690803,94.44344528386515,3.9,0.422667,1804.0,9.55,0
27.226679306409878,89.89845589115501,20.6,0.493083,1314.0,3.53,0
28.761416802631093,90.03507975546037,45.8,0.481708,84.0,12.39,0
28.868420377831196,96.81038329489459,48.6,0.475542,802.0,3.48,0
27.339,88.6065,25.0,0.418167,1487.0,35.01,1
26.2753,94.6654,4.8,0.484208,1115.0,26.53,1
25.5007,93.9854,20.6,0.440167,1437.0,22.87,1
24.6869,93.9157,4.2,0.428625,772.0,0.05,1
25.9703,91.8584,8.0,0.469958,299.0,5.03,1
25.47238147637097,90.34442209974384,23.5,0.488667,1485.0,4.42,0
25.2663964232904,93.5522239988203,26.3,0.486917,1603.0,21.88,0
28.4659,95.86,7.7,0.424792,1026.0,33.42,1
25.5125,93.3613,3.9,0.44925,320.0,10.44,1
27.439014202962724,92.25447359652418,13.1,0.429,996.0,8.29,0
26.2363,94.8133,3.0,0.5005,1560.0,18.56,1
25.1019,93.3729,10.6,0.467,1133.0,7.39,1
25.00035976374098,91.79188404814742,12.8,0.487375,1923.0,6.5,0
25.72,94.6219,7.1,0.489417,1765.0,28.13,1
24.96225602889161,94.15178373949597,60.7,0.481625,202.0,0.96,0
24.1419,94.1078,6.9,0.47275,1187.0,12.34,1
26.431016146765955,92.3517655457468,3.3,0.410458,30.0,2.01,0
27.3765,88.7628,24.2,0.425667,3764.0,8.36,1
28.531265700646934,93.05486010264613,31.4,0.427958,3589.0,21.06,0
25.0728,92.3636,71.7,0.465792,120.0,14.56,1
24.814077656486905,94.98625643090236,22.4,0.501375,96.0,5.54,0
28.363283930388103,89.86155529315585,25.1,0.44675,285.0,11.22,0
26.49409629926123,95.10892367419562,24.2,0.425667,3764.0,8.36,0
28.26327219650062,89.81952193361685,6.8,0.423958,1299.0,15.01,0
26.148,94.8422,19.4,0.478083,1504.0,40.83,1
28.519980681002878,88.58663403179499,38.8,0.426958,132.0,0.82,0
24.621761369993703,92.90547109863724,20.7,0.425542,1295.0,11.86,0
27.66329591541404,95.24645438356968,1.3,0.405958,867.0,19.44,0
26.149,91.7351,61.6,0.482292,52.0,3.12,1
28.547165460005,93.88387164119013,33.7,0.426042,460.0,14.5,0
24.9037,93.487,5.5,0.396958,1272.0,11.84,1
28.976673522987035,96.78706830382396,20.7,0.461292,231.0,7.88,0
23.927054081144973,91.25540282398607,21.7,0.487625,52.0,1.93,0
26.478221711422975,94.17606373230025,20.5,0.488917,1415.0,15.69,0
24.9336,93.8275,10.5,0.469583,1023.0,16.0,1
28.996759342756256,90.62377513111491,1.5,0.458875,1701.0,16.77,0
23.265497625227475,88.51688144720794,27.2,0.480625,813.0,7.85,0
23.09172465498653,93.42534456285469,12.2,0.412458,487.0,10.54,0
28.284881659511818,92.25983270714153,0.0,0.43775,299.0,5.03,0
27.1748,88.6458,3.9,0.379292,930.0,33.72,1
28.586104834568015,88.46304495801216,35.3,0.427125,2758.0,24.01,0
27.357353877425297,93.83117127400854,19.9,0.46375,1559.0,22.03,0
23.142581008495984,96.16519834799709,4.0,0.423167,1131.0,11.02,0
24.24808714755309,92.87496273828557,3.0,0.415708,1372.0,15.25,0
27.3425,88.6236,29.2,0.428958,2102.0,19.6,1
27.062402404413,89.77427403602543,65.4,0.481375,122.0,7.09,0
24.5202,92.7239,24.1,0.420167,39.0,0.45,1
22.745447030610936,89.98062466092424,62.0,0.487458,704.0,0.85,0
24.05981069549698,96.89436519347032,6.2,0.41675,815.0,9.76,0
26.729526627453154,90.49532932654397,19.0,0.473958,1478.0,28.29,0
25.794677478117396,96.25321562639115,58.1,0.486042,197.0,0.43,0
24.51123153167252,94.73454081369849,4.0,0.423167,1131.0,11.02,0
25.83,94.13,3.8,0.487333,1006.0,14.92,1
24.208013356337776,95.78402851550712,12.0,0.467875,1682.0,25.41,0
24.2315,92.6755,66.5,0.418708,680.0,7.06,1
24.586153835602516,92.17140378228986,18.0,0.464708,231.0,0.68,0
28.62639410562806,90.19297844048162,0.0,0.349625,151.0,4.42,0
26.3335,94.5512,18.6,0.470333,1356.0,5.34,1
27.492490352010854,96.00659984506812,18.4,0.425917,1376.0,9.61,0
24.104285617159004,89.56718803305027,10.4,0.476,856.0,21.5,0
23.69534237000489,94.60866024144534,58.1,0.486042,197.0,0.43,0
25.8838171582533,94.2750662743115,5.9,0.489083,777.0,0.33,0
25.5772,91.8666,76.2,0.487375,1469.0,13.49,1
27.23183513276002,95.59285312050585,15.0,0.494292,1721.0,28.06,0
22.760385361952974,88.2980523556403,24.9,0.44775,768.0,35.92,0
25.7131,94.0885,2.0,0.496,1402.0,0.34,1
27.12907071477904,91.72343336260874,3.9,0.500125,1376.0,22.06,0
24.6596,93.9784,5.9,0.489083,777.0,0.33,1
23.498906943398413,94.36953256805722,0.0,0.370792,1311.0,13.07,0
27.763483495365236,95.14440819752488,26.3,0.477,64.0,1.15,0
23.9278,94.0906,11.3,0.48925,909.0,13.57,1
26.608539130945356,96.79456703530933,32.2,0.4555,24.0,0.32,0
23.032107960749816,95.63414035883389,19.4,0.4285,3172.0,36.42,0
25.18345722744064,91.99682247833353,0.7,0.487375,783.0,0.07,0
25.4749,93.1477,17.1,0.483542,152.0,2.05,1
23.664426056203414,94.84411464413807,27.3,0.489583,1443.0,5.09,0
26.453115631815336,89.78859312191017,9.9,0.411542,562.0,19.37,0
28.61041378654726,88.40229727886758,17.5,0.428417,1354.0,33.09,0
27.66085177457013,90.57568671795511,10.1,0.424833,3751.0,8.8,0
24.804888988711525,95.09046274338932,42.9,0.426708,585.0,11.9,0
27.545687033080515,95.16712860122591,5.9,0.489083,777.0,0.33,0
28.582354665618627,89.76545403505459,12.2,0.420958,150.0,8.58,0
24.5308,92.5121,24.8,0.42725,67.0,1.48,1
23.13603225778027,90.31604522299362,5.1,0.421792,543.0,7.45,0
25.49454133530167,95.81281977886003,15.0,0.490167,728.0,11.9,0
26.7225,95.0281,6.5,0.466667,706.0,2.29,1
25.7354,90.3852,23.6,0.462792,334.0,5.73,1
26.52317015100405,91.97920426894898,13.6,0.48225,147.0,5.67,0
25.1775,93.0123,159.2,0.480458,646.0,5.85,1
28.1193,95.1645,7.8,0.398792,823.0,29.43,1
28.015596947057844,92.02974832839944,24.9,0.44775,768.0,35.92,0
24.7505,93.4221,9.5,0.418542,772.0,8.04,1
25.6623,94.1072,1.8,0.475167,1394.0,6.16,1
25.900202031669536,91.81886176208921,45.8,0.482375,60.0,6.41,0
24.9925,93.5,10.2,0.4255,1206.0,19.06,1
26.8727,94.9275,11.3,0.443458,128.0,0.1,1
24.9667,93.55,42.9,0.426708,585.0,11.9,1
27.4,92.35,0.2,0.420708,2628.0,14.33,1
27.2872,88.2816,3.0,0.408958,574.0,18.71,1
25.5212,90.232,62.9,0.495292,583.0,21.88,1
24.02562379140199,93.38633331337331,13.9,0.481042,1245.0,6.14,0
24.6108,92.562,0.7,0.132125,27.0,0.21,1
24.39868899673687,89.43126005726549,33.7,0.426042,460.0,14.5,0
23.527404172021523,95.99420407030802,12.2,0.420958,150.0,8.58,0
24.822738509492314,90.74950093262204,10.4,0.475167,1715.0,22.21,0
28.32555186239444,96.13627479645216,70.0,0.423417,1516.0,1.0,0
27.374379013573446,90.24564437703232,14.5,0.422625,147.0,0.49,0
24.310767610865504,96.33595925700678,32.8,0.433542,1083.0,8.3,0
25.6841388594117,91.19393823537638,49.2,0.48,295.0,1.07,0
25.565846556780976,94.53618473724714,15.0,0.490167,728.0,11.9,0
27.03073511072313,96.69598881274884,0.8,0.393583,472.0,23.77,0
24.39310138786679,91.33111960069503,14.3,0.425458,846.0,2.74,0
24.368063572416602,96.35626940944822,12.0,0.467875,1538.0,12.73,0
24.329105395445364,92.05136085407472,2.0,0.406083,3454.0,16.98,0
28.198901648302645,90.17011746536096,18.0,0.464708,231.0,0.68,0
25.8782,94.1739,11.1,0.502542,1357.0,28.61,1
27.251307703033635,89.58302407435505,7.8,0.398792,823.0,29.43,0
24.1988,94.1016,6.9,0.428042,1345.0,10.7,1
25.690672925595912,89.47997429633958,18.7,0.415958,1099.0,26.03,0
22.903110365626826,89.99345099636659,7.8,0.4715,1016.0,16.44,0
24.1293,92.6921,8.7,0.422208,825.0,5.85,1
28.911495395996262,92.54225438197854,17.2,0.473875,717.0,1.36,0
25.8143,90.5763,2.9,0.466875,63.0,2.81,1
24.57035771158973,92.79619534273297,19.9,0.425917,761.0,13.47,0
24.921324402318742,95.93607637458375,13.2,0.421792,322.0,14.57,0
24.34172851772322,91.15263808284467,6.4,0.424167,719.0,21.95,0
27.338967195892156,88.59089217454942,6.9,0.434875,995.0,6.97,0
27.778128058692012,95.40379963570761,76.2,0.487375,1469.0,13.49,0
25.514512839016387,89.16825659091242,15.1,0.480208,1260.0,8.44,0
26.628141317275343,93.14999051301525,4.7,0.412,1582.0,22.06,0
26.382013853571,92.4206281884665,5.2,0.431875,885.0,5.49,0
27.095349978199096,96.83901867398133,0.3,0.249125,52.0,4.77,0
24.24471794532822,93.96321124316918,24.9,0.426458,1162.0,30.58,0
27.3543,88.6428,2.9,0.404333,2126.0,31.8,1
25.7055,94.0132,19.0,0.473958,1478.0,28.29,1
28.90869956970922,95.81067700990477,2.4,0.408083,240.0,7.33,0
26.03620321962417,93.69160644040304,3.6,0.445542,1713.0,4.28,0
24.059414491453357,92.18312686155896,0.7,0.487375,783.0,0.07,0
25.6278,94.1051,19.5,0.477667,1508.0,12.32,1
23.375581547454217,89.59856669448905,13.5,0.412917,95.0,0.29,0
25.154623153241797,96.67780643861998,45.9,0.475333,615.0,14.37,0
28.281478826513805,93.41001871902873,42.9,0.426708,585.0,11.9,0
24.52847525422522,94.29203709421738,65.4,0.481375,122.0,7.09,0
28.800303939173816,91.57615780991641,45.8,0.481708,84.0,12.39,0
26.1665,91.7049,22.4,0.483458,231.0,0.68,1
24.63632276282933,94.49510926875149,20.7,0.461292,231.0,7.88,0
25.52,91.27,7.9,0.477083,1340.0,3.8,1
27.739239766126854,92.30132776308936,6.2,0.404458,1879.0,27.03,0
25.6703,94.1095,19.3,0.498542,1448.0,7.26,1
24.755706742644705,95.67312585044773,9.9,0.411542,562.0,19.37,0
24.5204,92.7264,24.1,0.420167,40.0,0.57,1
24.040847702392394,96.89905725332946,10.9,0.423792,149.0,1.02,0
24.110483598873895,96.27708628911067,20.4,0.425875,3520.0,9.74,0
24.34713434737556,94.56589988336961,24.9,0.426458,1162.0,30.58,0
23.7705,92.5217,0.0,0.364542,69.0,11.38,1
23.411248570311667,88.99795822836671,11.1,0.421042,38.0,0.23,0
25.8702,94.7844,3.4,0.4885,1129.0,12.48,1
28.32848785555251,90.31088399749736,12.0,0.472458,21.0,0.86,0
28.10608909533852,90.23332741564217,15.0,0.48325,754.0,17.35,0
26.781831986524434,94.07704782831391,6.4,0.424167,719.0,21.95,0
25.244757811486586,95.62871150276276,16.0,0.4705,402.0,7.65,0
28.9986,94.8885,70.9,0.428875,604.0,14.13,1
25.27058937336956,93.89927408429224,6.2,0.41675,815.0,9.76,0
28.29478672113271,91.93498398740903,6.2,0.404458,1879.0,27.03,0
27.2298,94.0989,1.8,0.395125,95.0,0.27,1
25.0634,94.3415,50.8,0.453042,1742.0,20.02,1
26.1965,91.763,45.7,0.473917,81.0,3.19,1
25.4993,94.1192,12.8,0.487375,1923.0,6.5,1
27.4198535017835,95.57632915711913,8.5,0.459167,1171.0,14.75,0
24.867532673537553,94.58916080767835,12.4,0.424583,1517.0,32.77,0
22.961741511445574,91.69248391631,9.8,0.477917,142.0,0.69,0
25.980719810040203,91.46455220225309,58.2,0.481708,130.0,4.21,0
23.61579937054094,90.59363844370935,16.3,0.503375,1669.0,9.12,0
26.1147,94.3864,10.3,0.484167,362.0,7.27,1
24.383666250590206,89.32194736985907,20.5,0.488917,1415.0,15.69,0
28.63849465254148,90.23943381571583,8.3,0.425333,993.0,24.4,0
24.416,94.0984,6.6,0.435375,1347.0,14.73,1
28.616973967299433,95.82926258874849,60.7,0.481625,202.0,0.96,0
25.1796,93.0083,24.4,0.486542,696.0,5.4,1
27.8837,93.0515,21.0,0.419542,1679.0,26.64,1
27.44,92.2833,4.5,0.409167,2580.0,17.68,1
28.80242427215534,95.2752257380233,45.8,0.481708,55.0,6.26,0
28.43296310644717,92.3764312725361,0.5,0.385708,3620.0,24.0,0
24.702616182307263,94.45981644641925,58.2,0.484958,68.0,6.7,0
27.18909881065891,95.4928002042704,11.3,0.465375,968.0,17.04,0
22.87720386706977,92.99767315756858,15.0,0.490167,728.0,11.9,0
26.1028,91.8806,30.5,0.480875,151.0,2.46,1
27.02326382499275,90.37311352882871,6.9,0.502667,1160.0,2.28,0
23.055935716377693,93.69336564965096,48.6,0.465792,172.0,16.38,0
24.4279,94.0564,5.2,0.431875,885.0,5.49,1
25.3833,94.1884,9.2,0.462625,1683.0,4.47,1
26.1548,91.7351,10.3,0.491958,55.0,1.72,1
28.611,94.9829,44.6,0.428792,1610.0,47.77,1
26.3897,94.9439,14.5,0.448625,514.0,20.67,1
24.68933862572111,94.5144771294618,23.0,0.4845,953.0,20.93,0
27.058915233962356,91.62308739409491,42.7,0.472708,50.0,0.39,0
26.896448613466944,89.59064419956393,2.4,0.452125,70.0,1.93,0
26.1984,94.8158,33.8,0.478708,1849.0,20.93,1
24.8669,92.3576,52.3,0.480875,18.0,0.2,1
26.23086145007958,91.28804112065646,10.2,0.4255,1206.0,19.06,0
24.8961,93.4957,4.4,0.418625,1049.0,37.74,1
23.09473032694435,91.32199696808944,24.4,0.486542,696.0,5.4,0
24.234358168497582,96.7073139028178,20.7,0.425542,1295.0,11.86,0
25.995295680393276,92.74798215285996,10.5,0.469583,1023.0,16.0,0
23.539197397752954,88.45610294776165,8.7,0.422208,825.0,5.85,0
27.01500315270411,89.17157707531777,58.2,0.484958,68.0,6.7,0
25.416367544567684,93.90141404483403,15.9,0.475042,107.0,2.28,0
25.2269,93.1658,4.2,0.467708,396.0,2.34,1
25.4769,94.1351,25.2,0.488458,1684.0,16.19,1
23.24522411848801,89.61986329232293,30.5,0.480875,151.0,2.46,0
23.899,94.1434,7.6,0.48925,269.0,7.72,1
25.48,94.1383,15.2,0.48875,1721.0,8.69,1
26.42840951227916,90.64646186007029,58.2,0.482375,71.0,5.48,0
24.50648034465743,94.2685707123745,35.9,0.430125,1382.0,49.08,0
25.06430032362175,93.45293843164878,5.4,0.499125,1649.0,22.01,0
25.68740138436136,92.41513012720807,57.0,0.491167,872.0,11.42,0
25.2193,90.5549,52.3,0.479375,249.0,5.38,1
25.1555,93.8474,58.2,0.42825,1406.0,28.4,1
27.055543252969322,88.51338187161817,78.2,0.42525,573.0,1.93,0
23.182408947425547,95.81577517570743,7.7,0.498083,68.0,0.48,0
26.61955656619669,91.01051923446092,9.5,0.502125,1029.0,12.47,0
22.68390571900323,96.33674231777469,15.1,0.480208,1260.0,8.44,0
22.973598553937244,93.10236530792696,11.6,0.498667,1610.0,20.11,0
23.75190618324813,89.45271240481877,10.1,0.424833,3751.0,8.8,0
25.5114,90.215,21.8,0.476208,305.0,7.05,1
26.542654467664946,94.51435240289803,13.3,0.474417,1435.0,8.95,0
26.0838,94.564,10.4,0.494292,1848.0,10.44,1
27.505397626431755,89.57424224409878,17.5,0.428417,1354.0,33.09,0
25.898604455442232,90.30533121630899,0.6,0.297125,1065.0,20.86,0
26.119572346577556,93.9603323514399,9.1,0.396375,879.0,17.82,0
24.75,93.4333,0.1,0.405333,546.0,27.98,1
22.781838110769296,95.55270436585812,10.9,0.423792,149.0,1.02,0
23.7527,92.694,12.6,0.424,793.0,20.23,1
24.846151339600542,94.54044741998088,21.6,0.489125,247.0,2.2,0
25.7902,94.1318,16.9,0.477583,1285.0,7.47,1
27.016835862402154,96.18298757363398,13.1,0.429,996.0,8.29,0
28.507632513728918,88.47789076050324,12.2,0.420958,150.0,8.58,0
27.929255993691378,90.1634943089847,13.0,0.425708,554.0,1.38,0
26.1768,91.7702,10.4,0.492292,127.0,1.34,1
26.6065682608388,90.35421003776285,12.0,0.472458,21.0,0.86,0
25.1604,93.6795,0.6,0.297125,1065.0,20.86,1
25.95145153038017,90.22640959182446,14.8,0.415917,422.0,36.67,0
22.515001994799036,91.21310107314945,17.9,0.428625,503.0,34.34,0
22.74483761288044,91.72266611541697,1.8,0.475167,1394.0,6.16,0
24.8628,94.4182,8.6,0.422833,922.0,27.04,1
25.036274276432213,90.93765910650875,14.0,0.494167,165.0,9.45,0
28.131964688214843,93.16103133448213,20.6,0.493083,1314.0,3.53,0
25.974133870017127,96.65594774415882,17.9,0.428625,503.0,34.34,0
24.9849,92.8411,26.2,0.441375,252.0,7.49,1
23.045685510214767,91.2465611012808,0.0,0.255917,102.0,13.08,0
23.319244234968668,88.32744613064922,21.5,0.487333,1603.0,31.08,0
27.507374152253693,89.349660548226,64.5,0.431833,1535.0,32.78,0
23.218801969080143,93.96443194197099,3.8,0.487333,1006.0,14.92,0
28.781202758237107,95.44774592667186,58.2,0.481708,130.0,4.21,0
22.703199402262776,92.05587189206034,6.5,0.466667,706.0,2.29,0
27.083416824169493,94.17574580011446,7.1,0.489417,1765.0,28.13,0
25.8833,91.2,21.6,0.489125,247.0,2.2,1
27.3736,88.7323,2.0,0.406083,3454.0,16.98,1
23.682003237795836,92.81367014650483,8.2,0.474625,151.0,4.38,0
24.8063,93.9482,0.7,0.487375,783.0,0.07,1
24.3481,94.1146,6.9,0.434875,995.0,6.97,1
27.806961856431847,88.41375842564379,12.0,0.472458,21.0,0.86,0
23.695362155913397,96.23882257189621,0.8,0.393583,472.0,23.77,0
25.442425925859972,94.8510618941666,26.2,0.441375,252.0,7.49,0
27.212825059338265,89.85022030086303,36.1,0.4285,483.0,14.02,0
26.94317335258227,94.82705428816925,52.8,0.427083,404.0,2.95,0
27.755710989257718,94.48650702225791,12.0,0.472458,21.0,0.86,0
25.72864376013788,91.93741391901331,49.2,0.48,295.0,1.07,0
27.690836036727394,95.20448598214485,7.0,0.489208,55.0,3.93,0
28.317453240503827,96.65789959909074,12.9,0.421458,977.0,12.94,0
26.766373012641317,90.79962286955819,15.2,0.48875,1721.0,8.69,0
24.90440911213463,96.84951188192305,10.5,0.469583,1023.0,16.0,0
28.38172833346303,96.88198156873258,0.0,0.370792,1311.0,13.07,0
24.996234757405926,96.78798721313899,7.0,0.489208,55.0,3.93,0
25.1333,93.9667,7.9,0.482958,1009.0,2.3,1
24.9786,93.5027,20.7,0.425542,1295.0,11.86,1
26.017161383758516,90.94946974790942,16.0,0.4705,402.0,7.65,0
23.867441147373494,92.51141040608394,39.7,0.47425,1546.0,17.08,0
27.337,88.609,64.5,0.431833,1535.0,32.78,1
28.75882566813701,95.34549845064028,15.0,0.494292,1658.0,33.6,0
23.75406693,92.74128531,12.9,0.419833,994.0,19.5,1
26.1963,91.8074,10.4,0.492292,196.0,3.58,1
26.1833,91.8,17.7,0.484625,67.0,0.63,1
25.01643926467525,95.9170431106684,59.9,0.428833,1615.0,13.62,0
28.665354148676833,89.66372274546863,12.0,0.47175,246.0,11.49,0
27.211940643962414,95.45189721595392,12.0,0.472458,21.0,0.86,0
25.690018356621465,90.48199350522775,15.0,0.494292,1658.0,33.6,0
26.09748244,91.8744337,53.5,0.478458,188.0,9.67,1
22.9808782201198,94.63758716447084,81.4,0.482458,1283.0,24.93,0
25.8376,94.5234,8.9,0.482333,801.0,1.13,1
28.69823275062607,96.18200511664874,58.2,0.42825,1406.0,28.4,0
25.3056,93.1265,143.7,0.475708,285.0,14.14,1
25.6700362159056,93.41268533640033,8.3,0.425333,993.0,24.4,0
25.943219655971696,89.43067826344789,8.2,0.420375,2695.0,21.16,0
27.924838150243595,92.17877892541797,7.8,0.4715,1016.0,16.44,0
23.705474712935032,94.39208314896017,53.5,0.478458,188.0,9.67,0
28.194430827891345,95.15941121992071,15.6,0.466,1571.0,21.49,0
25.3098633,94.48214677,19.9,0.46375,1559.0,22.03,1
28.91068481603071,91.90465584059834,58.2,0.482375,81.0,2.95,0
28.774534602832897,89.66901848291357,12.4,0.471458,1581.0,24.56,0
23.4495,92.8112,1.3,0.405958,867.0,19.44,1
22.549657152590953,96.29882972635394,3.0,0.415708,1372.0,15.25,0
23.633037553290677,93.76910571493711,22.5,0.472542,688.0,8.95,0
25.870257961849752,89.38227801984277,3.8,0.415417,898.0,13.45,0
23.089722016332033,94.8734472741657,10.4,0.492292,127.0,1.34,0
27.624080807224402,94.69196634749215,19.9,0.46375,1559.0,22.03,0
22.778918824925018,88.56395949681544,17.5,0.484917,1738.0,16.0,0
26.1619,91.7697,7.0,0.489208,55.0,3.93,1
24.9111,94.4759,3.9,0.422667,1804.0,9.55,1
26.598325888462224,95.32696852416852,0.0,0.355417,91.0,0.27,0
22.71948814197261,94.00449312364431,3.9,0.500125,1376.0,22.06,0
24.892286662185395,93.24883846677557,73.4,0.480875,327.0,8.57,0
28.48271970250721,96.01282991456719,3.9,0.422667,1804.0,9.55,0
26.1699,94.4922,21.9,0.48225,1134.0,3.66,1
25.29324757759902,95.7715546997289,0.7,0.487375,783.0,0.07,0
28.1737,94.7596,50.1,0.429,610.0,9.07,1
23.674724042440445,93.41488856794227,11.3,0.48925,909.0,13.57,0
26.7103,94.693,22.5,0.472542,688.0,8.95,1
23.824213310518402,88.69389783871593,8.8,0.473042,850.0,4.7,0
26.1985,91.7998,58.2,0.484958,92.0,5.76,1
26.7215,95.0283,62.0,0.487458,704.0,0.85,1
25.5006,90.0896,0.2,0.434083,48.0,3.84,1
24.4265,94.1913,6.8,0.423958,1299.0,15.01,1
24.29566348823701,91.84303004079598,5.9,0.42025,1026.0,6.52,0
25.9466,94.6279,3.9,0.500125,1376.0,22.06,1
27.167,88.3652,70.0,0.423417,1516.0,1.0,1
28.32780005078682,91.6915828977948,2.0,0.484333,796.0,22.33,0
25.81274790361377,94.00565493154309,20.6,0.431208,1642.0,26.33,0
28.056260823518162,90.2399047394715,3.9,0.409833,212.0,7.38,0
26.1324,91.8342,58.2,0.482375,71.0,5.48,1
25.200352776128778,91.25013007667626,20.6,0.440167,1437.0,22.87,0
23.755479882372295,91.90149566497317,52.8,0.427083,404.0,2.95,0
25.5576,91.8506,16.3,0.503375,1669.0,9.12,1
24.8286,93.5935,20.0,0.442042,777.0,23.94,1
24.545204704816868,93.43029641400608,0.5,0.385708,3620.0,24.0,0
25.6237,94.1136,11.6,0.498667,1610.0,20.11,1
25.8893887048517,92.9316170433006,12.2,0.420958,150.0,8.58,0
28.417880872026053,88.4347120720572,58.2,0.482375,81.0,2.95,0
24.59906518628558,92.95540197625319,58.1,0.486042,197.0,0.43,0
23.633690785462196,90.6072079005636,78.2,0.42525,573.0,1.93,0
27.1032,93.6884,10.9,0.423792,149.0,1.02,1
23.085992804987338,93.91078610214254,0.0,0.364542,69.0,11.38,0
25.2568,92.3825,48.6,0.475542,802.0,3.48,1
25.0604,93.9877,23.5,0.488667,1485.0,4.42,1
25.5215,93.1645,2.4,0.465208,279.0,1.05,1
27.066567780014,89.28955460933557,0.8,0.396958,793.0,12.76,0
24.160676236051728,90.24916110365217,2.4,0.452125,70.0,1.93,0
22.774364022109822,93.67759035642841,15.9,0.475042,107.0,2.28,0
28.337213887521145,88.98512187852785,19.9,0.425917,761.0,13.47,0
27.0011,93.7273,12.0,0.420333,109.0,0.62,1
28.199766539390975,96.49168293695017,20.5,0.488917,1415.0,15.69,0
24.849719555672046,92.57022639136053,15.0,0.496,1469.0,24.48,0
25.8266,94.1497,27.6,0.47925,1409.0,1.66,1
25.5718,94.1211,5.4,0.499125,1649.0,22.01,1
26.284204386822946,91.24611011335669,9.2,0.462625,1683.0,4.47,0
27.5754,91.9754,8.0,0.413792,2379.0,28.81,1
25.7713,93.8067,25.7,0.46625,235.0,9.81,1
28.4298,95.8776,17.9,0.428625,503.0,34.34,1
28.60892508199415,96.90826064222728,5.3,0.491042,109.0,12.19,0
26.1662,91.7138,14.0,0.494167,165.0,9.45,1
23.22769016256971,90.29236780351535,27.6,0.47925,1409.0,1.66,0
24.680115871483093,92.16947971151072,19.7,0.425583,872.0,7.76,0
25.48309325606616,96.3722926614817,21.9,0.48225,1134.0,3.66,0
27.087427138948925,89.20328175102424,7.8,0.4715,1016.0,16.44,0
25.5498,92.0757,13.9,0.481042,1245.0,6.14,1
25.4191,94.1079,6.8,0.49375,1395.0,10.58,1
28.841165217263942,92.9482510666547,16.0,0.497042,91.0,6.16,0
27.3773,88.559,36.1,0.428625,1437.0,32.86,1
24.92765061803138,92.55284594419665,9.8,0.477917,142.0,0.69,0
25.4477,94.0489,20.6,0.428542,1287.0,10.76,1
24.68259322460927,88.68916119397183,7.7,0.498083,68.0,0.48,0
28.121760257978394,95.80384384268997,16.9,0.477583,1285.0,7.47,0
26.109121510723458,94.01751246708986,26.6,0.479083,1439.0,4.98,0
27.743186835607624,93.37699937383466,13.3,0.452375,1660.0,8.09,0
25.830005873526304,91.65085704641308,8.0,0.413792,2379.0,28.81,0
26.635619690247445,91.24448572919063,18.4,0.420125,681.0,19.43,0
25.31006064,94.48265093,15.6,0.466,1571.0,21.49,1
25.720861359015995,93.28419699847441,60.7,0.481625,202.0,0.96,0
23.027558915781718,96.02602171371,17.1,0.483542,152.0,2.05,0
24.74948634280511,88.87169979485283,25.7,0.46625,235.0,9.81,0
28.7550826043342,92.49257061429157,26.3,0.477,64.0,1.15,0
23.47558044382617,90.0719061844496,26.2,0.441375,252.0,7.49,0
24.57882732793609,94.14942996597635,15.0,0.494292,1658.0,33.6,0
23.7269,92.7265,3.8,0.415417,898.0,13.45,1
27.1249,93.7706,0.0,0.349625,151.0,4.42,1
27.74942735078008,95.31604104060122,7.7,0.424792,1026.0,33.42,0
26.432674897356662,90.04780108518604,3.9,0.422667,1804.0,9.55,0
25.94816707853575,92.56873232339247,10.4,0.492292,196.0,3.58,0
28.95273328477939,96.76282829551893,13.3,0.474417,1435.0,8.95,0
24.938741829776898,93.88976812996225,7.9,0.482958,1009.0,2.3,0
26.1309,91.8383,22.4,0.501375,96.0,5.54,1
25.04183992573741,95.1882231005441,9.9,0.411542,562.0,19.37,0
28.673024000384427,94.82683962762404,6.9,0.502667,1160.0,2.28,0
26.57945578386613,90.13782946066506,27.3,0.489583,1443.0,5.09,0
25.887008954438848,92.63553493196115,21.7,0.487625,52.0,1.93,0
25.869635470870854,92.60802277940705,36.3,0.484917,692.0,4.29,0
23.140553870869383,89.81811274414576,15.0,0.48325,754.0,17.35,0
25.7238,89.9032,3.3,0.410458,30.0,2.01,1
25.1175,92.8573,136.3,0.475833,158.0,11.14,1
24.3906169471627,90.18614264007373,45.8,0.481708,84.0,12.39,0
26.098687211303854,89.14663728252124,10.9,0.485625,779.0,0.14,0
24.094106959151745,92.36048657176674,35.9,0.430125,1382.0,49.08,0
24.02830173181285,90.02395058208955,53.5,0.478458,188.0,9.67,0
24.377697502435154,96.31425927699041,26.3,0.477,64.0,1.15,0
27.0377,88.3603,82.7,0.426083,1504.0,25.07,1
27.8776,94.25,8.3,0.425333,993.0,24.4,1
23.074152617974875,89.75263678612234,15.0,0.494292,1658.0,33.6,0
23.3439,93.0748,18.4,0.425917,1376.0,9.61,1
25.0633,92.8025,16.0,0.497042,91.0,6.16,1
27.906193040962428,90.45379758970661,58.2,0.484958,68.0,6.7,0
22.857681917891792,91.16553691012473,14.5,0.422625,147.0,0.49,0
25.569040309857822,89.39505052180832,3.9,0.500125,1376.0,22.06,0
26.0101,94.5282,1.5,0.458875,1701.0,16.77,1
25.5728,91.885,68.7,0.490542,1496.0,5.27,1
27.0869,93.6086,11.5,0.49625,312.0,10.19,1
26.468036132432026,95.45536668946552,36.1,0.4285,483.0,14.02,0
24.933390566698133,89.66344381369997,7.9,0.482958,1009.0,2.3,0
27.28979273808973,90.82465984042028,12.9,0.421458,946.0,3.73,0
27.30851508031031,93.48013165776233,49.2,0.48,295.0,1.07,0
24.309523494169405,96.79075477635736,62.9,0.495292,583.0,21.88,0
28.654681825111805,91.26283603773948,11.8,0.413417,664.0,17.67,0
26.78322281724892,96.19233418093552,2.4,0.452125,70.0,1.93,0
23.970672519739182,91.9255810973214,32.8,0.433542,1083.0,8.3,0
26.79838028507422,90.85964490809174,29.2,0.480958,535.0,4.11,0
24.799799475734766,95.72823356413079,10.4,0.475167,1715.0,22.21,0
22.93120793718573,94.64746967407729,16.7,0.424917,956.0,30.17,0
25.83160284468138,94.67819527017515,13.0,0.425708,554.0,1.38,0
24.310580629357847,89.55968398564731,8.5,0.459167,1171.0,14.75,0
23.7327,92.7463,14.3,0.425458,846.0,2.74,1
26.657246986219036,91.28730401984804,58.2,0.482375,71.0,5.48,0
23.42365660808594,92.60346059171238,0.2,0.420708,2628.0,14.33,0
24.989683151393113,96.0580018783522,2.0,0.484333,796.0,22.33,0
26.222,94.9152,28.2,0.442583,1734.0,17.24,1
28.913108071860734,93.19129406754855,16.3,0.479708,244.0,17.37,0
26.1314,91.7548,58.2,0.482375,81.0,2.95,1
23.177718645130803,93.065154930922,12.9,0.419833,994.0,19.5,0
23.437860266264956,95.0145140471543,12.0,0.420333,109.0,0.62,0
26.08990839258285,90.49863037652874,5.3,0.491042,109.0,12.19,0
28.915645452681712,94.26625897579613,20.6,0.431208,1642.0,26.33,0
27.6163,88.6586,10.3,0.424625,1875.0,37.1,1
26.043332337206444,90.2590421595769,2.4,0.408083,240.0,7.33,0
23.584024911294648,93.45724820926166,11.8,0.414875,769.0,24.06,0
26.8716,94.9921,79.5,0.487042,288.0,7.48,1
27.1499,88.38,18.7,0.415958,1099.0,26.03,1
22.965040376534635,88.53378225027161,8.8,0.473042,850.0,4.7,0
23.25364528690132,94.77889021126273,5.5,0.397,1284.0,12.72,0
24.816053163817237,95.16599403828333,15.0,0.496,1469.0,24.48,0
23.664785398248664,88.5309225155007,4.1,0.469,909.0,8.9,0
25.072859363538615,92.51734399425214,0.8,0.393583,472.0,23.77,0
27.271369177183814,95.07090556717888,15.0,0.490167,728.0,11.9,0
24.584547020987745,94.60094802362606,5.9,0.42025,1026.0,6.52,0
27.1695,88.3664,2.1,0.41225,1576.0,10.73,1
25.63961883,94.11112157,15.5,0.463083,1499.0,23.38,1
27.0987,93.816,75.0,0.429417,211.0,4.45,1
26.93193095996528,90.73686850792738,9.5,0.502125,1029.0,12.47,0
27.3034,93.804,24.9,0.44775,768.0,35.92,1
26.71159148567589,95.89172932457981,0.1,0.405333,546.0,27.98,0
27.05374234,88.42572376,133.4,0.43075,287.0,10.8,1
24.3069,93.125,6.4,0.424167,719.0,21.95,1
26.1044,91.7082,45.8,0.481708,55.0,6.26,1
23.955661855980477,96.45828822698361,3.9,0.379292,930.0,33.72,0
24.9829,93.5063,5.5,0.397,1284.0,12.72,1
26.398029430561024,88.79292289359732,17.9,0.428625,503.0,34.34,0
28.74557799990639,94.91397901663393,50.9,0.426375,314.0,19.28,0
27.588104181867156,92.41019686514962,0.3,0.249125,52.0,4.77,0
27.49578612723815,93.94543850021076,21.5,0.487333,1603.0,31.08,0
24.0896,91.4663,74.1,0.429,107.0,1.3,1
22.893375020524758,93.81006958492276,6.2,0.41675,815.0,9.76,0
28.443549878481235,89.26510330338482,13.2,0.421792,322.0,14.57,0
23.969659634760376,96.65000445064027,45.8,0.481708,55.0,6.26,0
23.7131,92.7362,9.1,0.396375,879.0,17.82,1
26.831209432061687,93.17089770996407,20.7,0.461292,231.0,7.88,0
25.03561729,94.0144205,8.3,0.475708,873.0,2.79,1
28.040280445865,88.33808337773878,12.9,0.421458,929.0,8.33,0
24.9818,93.5142,14.2,0.427375,1238.0,26.11,1
23.608809649133885,88.58496665919955,45.9,0.475333,615.0,14.37,0
24.7016,93.5291,11.8,0.413417,664.0,17.67,1
26.100192547846888,91.7970927772373,16.0,0.497042,91.0,6.16,0
27.235740440292844,90.42912230792442,7.3,0.488292,693.0,5.93,0
26.72,95.029,17.2,0.473875,717.0,1.36,1
27.3721,88.708,19.4,0.4285,3172.0,36.42,1
23.13827939925014,90.49819795666116,15.0,0.496,1469.0,24.48,0
22.644722538720803,88.39986159222664,23.0,0.4845,953.0,20.93,0
25.0477,92.801,9.9,0.461958,184.0,26.07,1
26.048,91.8695,3.4,0.4915,85.0,2.86,1
26.2083,94.5438,15.0,0.496,1469.0,24.48,1
28.814630466507573,91.88038103331769,5.1,0.421792,543.0,7.45,0
26.989879930877283,91.21080515520367,5.3,0.491042,109.0,12.19,0
24.808,93.117,11.1,0.421042,38.0,0.23,1
27.944567823234735,96.49951882915767,13.2,0.421792,322.0,14.57,0
23.06765318484672,94.97697161233279,65.4,0.481375,122.0,7.09,0
28.669494657998364,95.71155884823217,13.1,0.429,996.0,8.29,0
22.713329248245238,94.93689321244722,24.1,0.420167,39.0,0.45,0
27.8458,95.2253,50.9,0.478542,134.0,0.35,1
26.1407,91.7645,26.3,0.491583,61.0,6.72,1
25.26357193872774,88.28282263496277,8.2,0.420375,2695.0,21.16,0
27.540901938853523,90.25434438613327,52.8,0.427083,404.0,2.95,0
26.284,94.5808,15.0,0.490167,728.0,11.9,1
22.943121512501307,90.81562119479163,17.9,0.428625,503.0,34.34,0
26.509773808468918,90.38834564285051,26.3,0.491583,61.0,6.72,0
23.38844417390705,96.62250768146373,42.7,0.472708,50.0,0.39,0
23.73504471,92.71060943,12.9,0.421458,977.0,12.94,1
24.3527,94.3429,25.1,0.44675,285.0,11.22,1
28.67727699207009,93.2898402195454,33.8,0.428042,1892.0,20.15,0
24.4072,94.0644,6.6,0.435375,1148.0,9.42,1
27.1034,93.6885,14.5,0.422625,147.0,0.49,1
26.858219782052423,89.85362936815962,2.4,0.452125,70.0,1.93,0
25.169102206391734,89.69305597428514,49.2,0.48,295.0,1.07,0
23.009361510272928,88.90368993146997,5.3,0.491042,109.0,12.19,0
27.36,93.0385,52.8,0.427083,404.0,2.95,1
25.69834977005728,93.33318536930105,58.2,0.482375,71.0,5.48,0
24.558593519263205,90.27115626701699,15.9,0.475042,107.0,2.28,0
25.9702,91.8587,0.0,0.43775,299.0,5.03,1
26.1966,91.802,15.9,0.475042,107.0,2.28,1
24.932061993827357,90.56136668684319,25.1,0.44675,285.0,11.22,0
25.4196,94.1054,20.5,0.488917,1415.0,15.69,1
25.6633,94.4703,27.3,0.489583,1443.0,5.09,1
25.463,92.2121,35.4,0.465542,1372.0,4.31,1
26.459998428702466,88.88081635511489,3.3,0.410458,30.0,2.01,0
28.116644004232445,93.78730391913585,11.5,0.49625,312.0,10.19,0
26.0319,94.5466,12.4,0.471458,1581.0,24.56,1
23.496021874783906,88.69261486435123,14.8,0.423542,801.0,25.11,0
23.85755642641467,88.86954210421156,50.9,0.426375,314.0,19.28,0
28.0822,96.5316,5.1,0.421792,543.0,7.45,1
24.552255455426565,88.71812816687499,21.5,0.487333,1603.0,31.08,0
27.532555955185124,92.96259562476942,15.0,0.48325,754.0,17.35,0
26.05973816321802,89.8106440669477,25.2,0.488458,1684.0,16.19,0
24.954,94.2156,4.1,0.469,909.0,8.9,1
27.1761,88.5287,50.9,0.426375,314.0,19.28,1
22.846545687965385,91.88734412925967,32.8,0.433542,1083.0,8.3,0
25.502128120846706,88.82744568291422,11.8,0.413417,664.0,17.67,0
26.57265937932492,91.19024969196471,48.6,0.475542,802.0,3.48,0
24.600023624444177,95.13759713354753,2.0,0.484333,796.0,22.33,0
24.055780195754583,89.79301042741501,32.8,0.433542,1083.0,8.3,0
24.894329921358693,88.95144211196083,8.5,0.459167,1171.0,14.75,0
25.5242,92.9914,13.6,0.48225,147.0,5.67,1
27.2743,92.9064,5.3,0.424125,695.0,30.36,1
27.5798729,91.85672387,0.0,0.408667,2758.0,24.01,1
28.01836112826045,90.09311600787221,82.7,0.426083,1504.0,25.07,0
28.381524045296754,91.87031962962826,4.1,0.469,909.0,8.9,0
26.20568609026796,96.6605888422307,2.4,0.408083,240.0,7.33,0
28.373753024621443,88.34350812034597,17.9,0.428625,503.0,34.34,0
25.4192,94.108,14.8,0.472458,1400.0,10.96,1
25.705,94.04,9.5,0.502125,1029.0,12.47,1
26.71650484309872,90.10905627153069,0.0,0.455958,42.0,0.19,0
27.784618010481424,89.37221687479835,58.2,0.482375,81.0,2.95,0
26.18414477030594,96.47858913633658,36.9,0.477833,1021.0,25.6,0
24.09161068412495,88.51295592213594,20.7,0.461292,231.0,7.88,0
22.533,92.899,0.8,0.396958,793.0,12.76,1
23.8986,91.7599,3.9,0.409833,212.0,7.38,1
25.4379,94.1162,15.4,0.489292,1518.0,25.53,1
25.4786,94.1327,17.5,0.484917,1738.0,16.0,1
26.667316726193896,92.8356784970387,5.3,0.424125,695.0,30.36,0
27.805983073760924,92.10945271234114,17.5,0.484917,1738.0,16.0,0
26.3185,94.5247,8.5,0.459167,1171.0,14.75,1
26.0137,94.5163,10.4,0.475167,1715.0,22.21,1
28.67657835517409,94.2865646389319,22.4,0.483458,231.0,0.68,0
26.195570804514624,91.8790357299528,2.4,0.452125,70.0,1.93,0
25.6263,94.1057,39.7,0.47425,1546.0,17.08,1
23.72988966,92.71495623,12.9,0.421458,946.0,3.73,1
27.342914194858853,95.8133404575285,0.0,0.408667,2758.0,24.01,0
26.217585655408577,89.57897049229275,22.5,0.472542,688.0,8.95,0
26.061708501197828,96.54109535002789,19.9,0.46375,1559.0,22.03,0
28.034882509476752,88.52504433223024,58.2,0.481708,130.0,4.21,0
27.04903834946088,92.54858653313,9.9,0.461958,184.0,26.07,0
26.33138563241006,93.10229278094803,10.4,0.475167,1715.0,22.21,0
25.452393869101385,96.39077319085116,38.8,0.426958,132.0,0.82,0
27.3702,88.7334,20.4,0.425875,3520.0,9.74,1
23.843873848426014,94.5954307711146,7.8,0.4715,1016.0,16.44,0
25.426,94.6024,0.0,0.370792,1311.0,13.07,1
24.49699624714034,94.75227664612285,24.8,0.42725,67.0,1.48,0
27.163,94.0,13.5,0.412917,95.0,0.29,1
25.1553,93.028,8.2,0.480917,565.0,10.5,1
25.972036630293793,88.81318754134004,8.2,0.474625,151.0,4.38,0
28.0791,96.5242,13.0,0.425708,554.0,1.38,1
26.1844,91.7896,26.3,0.477,64.0,1.15,1
23.25980119460879,90.48021513067597,2.4,0.452125,70.0,1.93,0
23.69502608040289,92.07000738931279,8.2,0.420375,2695.0,21.16,0
23.24938741016215,91.57993887327581,7.8,0.4715,1016.0,16.44,0
24.31775259933589,91.868704424606,0.0,0.43775,299.0,5.03,0
23.26047424886868,94.6467658380858,65.4,0.481375,122.0,7.09,0
25.318,94.0441,5.9,0.42025,1026.0,6.52,1
27.384180982121897,93.27983659438041,10.9,0.485625,779.0,0.14,0
26.773419000702873,95.7981905814061,91.1,0.428708,524.0,25.52,0
27.7,92.8,151.3,0.428792,2477.0,11.24,1
28.9205,95.3429,9.5,0.423958,4060.0,3.37,1
22.775292221274167,93.73603547121795,10.5,0.469583,1023.0,16.0,0
25.557652426085845,96.1312212943967,20.6,0.440167,1779.0,30.27,0
24.08254600597564,93.65219262503186,13.0,0.422917,1682.0,24.13,0
24.462537727199003,92.33757899089414,2.1,0.41225,1576.0,10.73,0
25.2946,92.8339,57.0,0.491167,872.0,11.42,1
24.004,93.9815,11.3,0.43125,1496.0,30.34,1
27.137879577635324,93.1744092040268,32.2,0.4555,24.0,0.32,0
24.160423271202188,92.71306797458385,12.6,0.424,793.0,20.23,0
23.780793190159642,88.82002698730615,4.8,0.484208,1115.0,26.53,0
28.321156838981207,91.70737987932665,11.1,0.502542,1357.0,28.61,0
23.59311871474827,91.3620388865198,17.7,0.484625,67.0,0.63,0
23.11683959378027,94.2888932142154,133.4,0.43075,287.0,10.8,0
27.069318456099698,89.98387651677504,36.1,0.428625,1437.0,32.86,0
24.565595378879177,88.74488266620591,58.2,0.481708,130.0,4.21,0
26.906475479894414,94.5570453342227,5.1,0.421792,543.0,7.45,0
27.1675,88.3651,90.9,0.43375,1551.0,4.89,1
24.76469064839549,90.5784311267526,133.4,0.43075,287.0,10.8,0
28.10126643554528,94.27754470636845,19.4,0.4285,3172.0,36.42,0
24.057103548146376,94.75495674075829,5.9,0.42025,1026.0,6.52,0
26.83828633661932,93.39154801352034,0.1,0.405333,546.0,27.98,0
23.321067723021685,91.44273535835964,9.9,0.411542,562.0,19.37,0
25.75599279220861,92.9459348664291,6.2,0.41675,815.0,9.76,0
26.1868,91.6739,42.7,0.472708,50.0,0.39,1
22.572839788470556,91.01354086945513,38.8,0.426958,132.0,0.82,0
26.5836,93.0038,7.7,0.498083,68.0,0.48,1
26.298022479670472,95.1789141061642,10.9,0.423792,149.0,1.02,0
25.77304336741105,95.01219973466425,159.2,0.480458,646.0,5.85,0
26.3333,91.25,0.0,0.455958,42.0,0.19,1
27.837198842549405,90.15458285245138,14.2,0.427375,1238.0,26.11,0
23.459657963238563,90.15967500961247,3.3,0.410458,30.0,2.01,0
22.846074836135305,93.61437376386937,21.0,0.419542,1679.0,26.64,0
23.74182634,92.7141905,12.9,0.421458,929.0,8.33,1
25.5098,93.8794,20.6,0.431208,1642.0,26.33,1
27.372707934797738,96.44627498876969,10.9,0.423792,149.0,1.02,0
27.4888,93.0153,91.1,0.428708,524.0,25.52,1
27.795482328954137,95.37406993084988,6.2,0.41675,815.0,9.76,0
23.77454675733019,95.85608208338432,33.8,0.428042,1892.0,20.15,0
28.38806804906364,95.77383592345453,74.1,0.429,107.0,1.3,0
26.68722118039637,89.73339424659233,13.6,0.48225,147.0,5.67,0
26.288495588013845,96.60483736470997,81.4,0.482458,1283.0,24.93,0
28.70433968381176,94.29871863266466,13.3,0.474417,1435.0,8.95,0
25.8877,94.7861,6.9,0.502667,1160.0,2.28,1
27.174,95.8011,49.2,0.48,295.0,1.07,1
26.159,91.8178,58.2,0.484958,68.0,6.7,1
28.489251262656712,96.40372622860997,0.8,0.393583,472.0,23.77,0
24.8006082141636,96.06393470632815,7.9,0.482958,1009.0,2.3,0
26.1961,91.7825,9.8,0.477917,142.0,0.69,1
25.340918074432466,94.25405277564722,15.0,0.494292,1658.0,33.6,0
26.136091199222104,93.59734467117228,32.2,0.4555,24.0,0.32,0
24.92300623026274,89.36165438119241,4.1,0.42325,1822.0,9.63,0
25.3179,94.0462,13.1,0.429,996.0,8.29,1
28.125390133986862,96.9012303095695,20.7,0.461292,231.0,7.88,0
25.6682,94.1099,26.6,0.479083,1439.0,4.98,1
28.395970383408557,94.38397740492383,13.0,0.422917,1682.0,24.13,0
26.634787985807705,92.1155357300577,151.3,0.428792,2477.0,11.24,0
28.8254,96.1509,0.5,0.385708,3620.0,24.0,1
27.1667,88.35,24.9,0.426458,1162.0,30.58,1
22.985798739156916,93.63438199008566,12.9,0.421458,946.0,3.73,0
24.876359949626284,89.45928677308557,58.2,0.481708,130.0,4.21,0
25.748685634842666,96.37765472440046,12.9,0.421458,929.0,8.33,0
24.560797191634467,91.68340719534312,70.0,0.423417,1516.0,1.0,0
26.5089488764893,95.78537614125933,19.4,0.4285,3172.0,36.42,0
28.8254,96.1517,31.4,0.427958,3589.0,21.06,1
23.392291745736042,89.68653826093029,9.8,0.477917,142.0,0.69,0
25.5144,90.2167,73.4,0.480875,327.0,8.57,1
23.39776957714546,90.40038029449289,53.5,0.478458,188.0,9.67,0
26.99195749,88.42280921,13.2,0.421792,322.0,14.57,1
23.31077254210596,93.26758577787923,3.4,0.4915,85.0,2.86,0
27.84202661527671,90.38225669583511,81.4,0.482458,1283.0,24.93,0
23.580389037205283,89.69695175130485,58.2,0.484958,92.0,5.76,0
23.532754564411242,88.35550350299782,0.7,0.487375,783.0,0.07,0
24.782715185838654,93.29793540798669,10.3,0.424625,1875.0,37.1,0
28.75377138410459,96.18675586651494,86.2,0.483333,1490.0,7.7,0
25.46662554484849,92.40964793647102,4.0,0.423167,1131.0,11.02,0
27.3746,88.7648,10.1,0.424833,3751.0,8.8,1
26.1807,94.5497,15.0,0.494292,1658.0,33.6,1
23.07362730943624,90.54896452982328,17.5,0.428417,1354.0,33.09,0
26.348985360190976,95.78233112796421,36.3,0.484917,692.0,4.29,0
24.9190958800116,92.41582160287368,58.2,0.481708,130.0,4.21,0
22.990504223799036,95.6166753599326,6.9,0.47275,1187.0,12.34,0
24.920851758837266,90.74895227211708,14.5,0.422625,147.0,0.49,0
28.160574463787846,95.52725542346191,13.5,0.412917,95.0,0.29,0
28.3092,95.4149,6.2,0.404458,1879.0,27.03,1
24.8142,93.5444,9.9,0.411542,562.0,19.37,1
24.819,94.3551,59.9,0.428833,1615.0,13.62,1
22.57382540228832,93.29620686566386,13.9,0.481042,1245.0,6.14,0
26.488601115187905,92.74867378559404,15.0,0.494292,1658.0,33.6,0
26.1295,91.7056,58.2,0.481708,130.0,4.21,1
27.867172096036033,91.28294770050022,62.9,0.495292,583.0,21.88,0
23.20944882657483,95.66173839678407,20.4,0.425875,3520.0,9.74,0
26.138,94.25,36.9,0.477833,1021.0,25.6,1
28.933755081139754,88.65043366908786,24.9,0.426458,1162.0,30.58,0
25.682,94.1076,13.3,0.474417,1435.0,8.95,1
23.7365,92.7146,17.9,0.422167,1010.0,8.11,1
28.699031077315965,95.74834129830747,136.3,0.475833,158.0,11.14,0
28.604157299421885,96.11404122277173,20.6,0.493083,1314.0,3.53,0
26.1978,91.7665,45.7,0.473917,92.0,2.89,1
23.8447,93.0514,17.4,0.42075,1053.0,12.26,1
24.7543,93.5039,14.8,0.415917,422.0,36.67,1
23.258706645819352,93.30854098903107,4.8,0.484208,1115.0,26.53,0
26.1016,91.6906,5.3,0.491042,109.0,12.19,1
27.709003435724036,94.7027320261841,17.0,0.4675,1623.0,31.02,0
26.582427361186657,95.01446547333447,20.6,0.493083,1314.0,3.53,0
23.936755428811423,89.63857463332508,30.5,0.480875,151.0,2.46,0
27.735109863738842,92.1703510554431,1.3,0.405958,867.0,19.44,0
28.802221998603123,92.6492468128856,11.1,0.502542,1357.0,28.61,0
23.73264748702501,95.19457466038362,0.2,0.434083,48.0,3.84,0
26.1062,91.8717,0.1,0.480958,247.0,6.62,1
26.330996525605723,92.54524839340814,10.4,0.476,856.0,21.5,0
26.37706870185675,89.25769582629515,52.8,0.427083,404.0,2.95,0
28.67530271158553,89.13275347397986,15.4,0.489292,1518.0,25.53,0
25.91940015079904,93.59974658840758,75.0,0.429417,211.0,4.45,0
23.63583484962628,95.87651173554681,6.4,0.424167,719.0,21.95,0
24.884169364539087,89.62802218423087,8.9,0.482333,801.0,1.13,0
26.9986,95.4993,45.9,0.475333,615.0,14.37,1
24.82729890574487,95.35535688575567,5.3,0.424125,695.0,30.36,0
23.00209192821564,89.80289624418563,29.9,0.471,1408.0,1.99,0
25.690718629934686,95.51088893817878,45.8,0.481708,55.0,6.26,0
25.205777299400317,92.11464074109313,24.2,0.425667,3764.0,8.36,0
25.814932251617297,93.9625548393394,17.7,0.484625,67.0,0.63,0
27.683565248791787,94.60396306333493,32.2,0.4555,24.0,0.32,0
26.857388605986817,95.5783596396758,48.6,0.465792,172.0,16.38,0
26.282331000927442,88.49657170695889,24.9,0.44775,768.0,35.92,0
26.939925639648656,91.35854039193484,13.3,0.452375,1660.0,8.09,0
26.108871357293616,91.63859563166922,16.0,0.497042,91.0,6.16,0
26.6013810931379,92.34184052455718,0.3,0.249125,52.0,4.77,0
25.2745,94.0212,32.8,0.433542,1083.0,8.3,1
25.534691924599286,89.55432630906861,7.8,0.4715,1016.0,16.44,0
26.138302817274088,96.46842960785315,45.8,0.482375,60.0,6.41,0
22.81462086664943,89.53352766271692,18.8,0.465833,452.0,6.39,0
23.0137,91.7174,12.0,0.472458,21.0,0.86,1
25.30753921237189,90.98045517758588,23.5,0.488667,1485.0,4.42,0
24.6005,92.3814,2.4,0.452125,70.0,1.93,1
24.162650113953887,89.15377169731205,2.4,0.465208,279.0,1.05,0
23.1125518687879,91.56962172390733,32.2,0.4555,24.0,0.32,0
24.304057034528768,88.53737329964764,26.6,0.479083,1439.0,4.98,0
27.59803319789789,89.81635545335612,4.5,0.409167,2580.0,17.68,0
27.01647343404847,96.81911391423968,8.2,0.480917,565.0,10.5,0
26.077211826074134,96.2388743712923,14.2,0.427375,1238.0,26.11,0
27.5799,91.8569,35.3,0.427125,2758.0,24.01,1
26.690122046585508,92.46863841975555,2.5,0.175833,886.0,0.17,0
28.283163765455217,96.38111729176644,20.6,0.440167,1779.0,30.27,0
25.21462456700422,96.44223248486541,32.2,0.4555,24.0,0.32,0
24.7992,93.948,10.9,0.485625,779.0,0.14,1
22.815944149330853,96.20818416388393,52.8,0.427083,404.0,2.95,0
27.882037064666918,96.0048056341813,44.6,0.428792,1610.0,47.77,0
28.174383197726545,88.93828528006595,45.9,0.475333,615.0,14.37,0
26.672981868956764,91.73280728141721,68.7,0.490542,1496.0,5.27,0
22.613202669010914,91.0417918482225,14.0,0.478833,1634.0,32.42,0
25.0318,92.4584,0.0,0.255917,102.0,13.08,1
28.0755077769157,93.51994323201005,10.6,0.467,1133.0,7.39,0
27.667249887655604,90.51999605508196,11.6,0.498667,1610.0,20.11,0
26.249155207238655,91.14504025029815,42.7,0.472708,50.0,0.39,0
27.5748,91.8644,8.2,0.420375,2695.0,21.16,1
26.34130602315297,93.23109472560908,61.6,0.482292,52.0,3.12,0
24.464959929502708,94.01890658563752,2.2,0.401292,1089.0,21.08,0
22.7176,92.8416,19.9,0.425917,761.0,13.47,1
23.60932649188368,94.45853766331338,26.3,0.477,64.0,1.15,0
26.35249461180978,88.95796404770972,32.2,0.4555,24.0,0.32,0
23.965046085708444,95.21425820624569,6.6,0.435375,1347.0,14.73,0
26.1699,91.7986,8.2,0.474625,151.0,4.38,1
27.444455244097107,96.04094422778738,10.6,0.467,1133.0,7.39,0
22.722495251369377,92.01846667749949,3.9,0.409833,212.0,7.38,0
25.78841662487117,96.66413802704405,5.4,0.499125,1649.0,22.01,0
23.02339127258864,95.87227134951364,8.3,0.475708,873.0,2.79,0
24.61415173725913,88.50877406815434,25.1,0.44675,285.0,11.22,0
24.28413151486051,95.3396869152463,10.1,0.424833,3751.0,8.8,0
27.760615287950387,90.8226861297854,91.1,0.428708,524.0,25.52,0
26.325027351217464,95.16828420629308,2.5,0.175833,886.0,0.17,0
24.044653376186307,94.34252481821677,2.5,0.175833,886.0,0.17,0
23.886066770868418,93.3679270188244,11.3,0.43125,1496.0,30.34,0
23.352725683406796,89.26125738967384,13.2,0.421792,322.0,14.57,0
22.511999502043807,91.90208222752501,16.0,0.4705,402.0,7.65,0
28.88371563079735,89.81413146654812,10.4,0.492292,127.0,1.34,0
26.593771386051756,88.43771448572856,0.0,0.255917,102.0,13.08,0
27.390724416614194,93.15519008255384,14.2,0.427375,1238.0,26.11,0
25.7428,93.9136,18.8,0.465833,452.0,6.39,1
23.7281,92.7175,6.4,0.397,1080.0,4.19,1
25.75924715143874,90.26552689497065,14.8,0.472458,1400.0,10.96,0
26.608520209803324,93.61041713452481,8.2,0.420375,2695.0,21.16,0
27.1614,93.7525,12.2,0.420958,150.0,8.58,1
26.983637677332837,93.83483443367031,19.9,0.425917,761.0,13.47,0
27.8965,96.1779,60.7,0.481625,202.0,0.96,1
28.34936556548205,89.10610927816505,10.5,0.469583,1023.0,16.0,0
25.4916,91.2698,86.2,0.483333,1490.0,7.7,1
25.845071750784474,95.82291246041638,12.0,0.467875,1682.0,25.41,0
24.295297574352755,89.1506252983278,6.2,0.41675,815.0,9.76,0
25.331161501625903,92.19554968656672,7.7,0.498083,68.0,0.48,0
22.666651536492445,89.32966334517006,58.2,0.481708,130.0,4.21,0
26.200246235119437,95.8270580302059,8.2,0.474625,151.0,4.38,0
27.717374273737057,89.01900937967874,15.9,0.475042,107.0,2.28,0
26.1666,91.7042,18.0,0.464708,231.0,0.68,1
24.025769150844138,90.57035743144952,45.7,0.473917,92.0,2.89,0
27.8997,93.3497,19.7,0.425583,872.0,7.76,1
24.700902761033575,96.42890563387976,15.0,0.48325,754.0,17.35,0
22.650902126932284,92.16226436446917,45.7,0.473917,81.0,3.19,0
28.822639612764043,96.01053371745752,59.9,0.428833,1615.0,13.62,0
23.608206911065334,88.8101283209617,15.4,0.489292,1518.0,25.53,0
28.54025681421264,92.15750876552492,24.1,0.420167,40.0,0.57,0
22.538961097719778,88.47299504555869,0.1,0.480958,247.0,6.62,0
27.21040090688875,94.93250985327575,6.6,0.435375,1148.0,9.42,0
23.31380765166909,91.07745941626753,20.0,0.442042,777.0,23.94,0
23.73478778,92.72124394,19.7,0.426625,972.0,7.78,1
24.16614196803947,92.26032618684059,21.8,0.476208,300.0,14.29,0
28.907332535699588,94.13022106236188,45.9,0.475333,615.0,14.37,0
28.80245390799209,93.92611358033166,18.0,0.464708,231.0,0.68,0
23.684177108244224,96.05414576448703,22.4,0.501375,96.0,5.54,0
26.863551326239858,93.3914532181914,26.3,0.491583,61.0,6.72,0
27.402192852089726,94.19577472818149,20.6,0.428542,1287.0,10.76,0
27.0998,93.6287,16.0,0.4705,402.0,7.65,1
25.616,94.1167,21.5,0.487333,1603.0,31.08,1
27.63977873347504,89.03703510122715,1.5,0.458875,1701.0,16.77,0
23.307383718285227,95.18440772661502,12.4,0.424583,1517.0,32.77,0
25.761079239065324,94.39979792670397,136.3,0.475833,158.0,11.14,0
28.1991214797415,88.96159051279463,58.2,0.484958,68.0,6.7,0
28.93669732378759,93.5692191393501,33.8,0.428042,1892.0,20.15,0
28.26244865163886,94.04398409192486,0.1,0.480958,247.0,6.62,0
22.63072371222329,88.39781009965107,0.0,0.455958,42.0,0.19,0
24.124787902345275,91.16806829742357,12.2,0.420958,150.0,8.58,0
22.744535499598758,93.42036911678674,15.4,0.489292,1518.0,25.53,0
24.7979,92.9974,32.2,0.4555,24.0,0.32,1
22.553021222425663,94.29916318455139,15.1,0.480208,1260.0,8.44,0
24.316580389612657,91.95721078410872,21.7,0.487625,52.0,1.93,0
24.069714878974274,92.47525755311948,29.9,0.471,1408.0,1.99,0
22.773863832781142,89.45198297017978,5.4,0.388208,1418.0,34.08,0
28.905046700619472,88.82506529905014,8.9,0.482333,801.0,1.13,0
26.0977,94.7499,12.0,0.467875,1538.0,12.73,1
25.38,91.88,81.4,0.482458,1283.0,24.93,1
27.443744714545232,91.78944432102071,12.0,0.467875,1538.0,12.73,0
26.5220164846269,88.83166988644567,6.9,0.434875,995.0,6.97,0
25.67,94.1066,29.9,0.471,1408.0,1.99,1
26.0481,94.4619,10.4,0.476,856.0,21.5,1
27.6438,93.871,13.0,0.422917,1682.0,24.13,1
23.384097634805094,89.00559753197408,3.8,0.415417,898.0,13.45,0
26.1226,91.7162,65.4,0.481375,122.0,7.09,1
24.120519855863044,91.38948366236919,20.0,0.442042,777.0,23.94,0
22.854260091804512,95.96013282635025,2.5,0.175833,886.0,0.17,0
26.439949416456617,89.45632740967204,35.9,0.430125,1382.0,49.08,0
26.3186,94.5121,15.1,0.480208,1260.0,8.44,1
27.51372699790649,94.86348624349786,24.9,0.426458,1162.0,30.58,0
26.093166680753328,96.26968680217163,39.7,0.47425,1546.0,17.08,0
28.407405293392827,91.51583464735413,27.2,0.480625,813.0,7.85,0
22.579770957121603,90.62238591435941,32.2,0.4555,24.0,0.32,0
28.400530270148195,88.98374237772771,10.3,0.484167,362.0,7.27,0
26.0214,94.5224,26.3,0.486917,1603.0,21.88,1
26.1475,91.7356,21.7,0.487625,52.0,1.93,1
23.19649452715064,91.15331876755634,16.0,0.4705,402.0,7.65,0
23.03543133277337,89.03786209193916,12.4,0.471458,1581.0,24.56,0
25.5265,93.8673,17.5,0.428417,1354.0,33.09,1
24.30435169902759,90.48412747620351,10.4,0.494292,1848.0,10.44,0
25.817641902887992,95.72600161863298,36.9,0.477833,1021.0,25.6,0
25.449699765461734,94.21592445817134,18.7,0.415958,1099.0,26.03,0
28.799559436782094,90.38945575768743,38.8,0.426958,132.0,0.82,0
25.4538,93.9827,20.6,0.440167,1779.0,30.27,1
28.751980147034622,95.41366233520417,45.8,0.481708,55.0,6.26,0
24.7625,93.4341,18.4,0.420125,681.0,19.43,1
25.1718,93.123,7.3,0.488292,693.0,5.93,1
27.9032,96.174,58.1,0.486042,197.0,0.43,1
24.336046087143338,88.35630702323046,12.2,0.420958,150.0,8.58,0
23.590749076791667,95.14838322926654,33.8,0.428042,1892.0,20.15,0
27.3425,88.2426,35.9,0.430125,1382.0,49.08,1
25.402685425089853,90.19155214960082,15.0,0.490167,728.0,11.9,0
27.0136,92.6351,20.7,0.461292,231.0,7.88,1
26.534756450805645,90.7752811684801,27.6,0.47925,1409.0,1.66,0
24.895438542017303,93.38683223886939,18.8,0.465833,452.0,6.39,0
26.1677,94.2442,15.0,0.48325,754.0,17.35,1
27.778789419124454,91.69515071414972,68.7,0.490542,1496.0,5.27,0
27.2676,88.2891,78.2,0.42525,573.0,1.93,1
23.151326375262745,90.15721404508177,42.1,0.485458,164.0,3.97,0
22.597799014517843,89.20191300878777,0.0,0.355417,91.0,0.27,0
27.987249077396456,88.60812042152631,12.4,0.471458,1581.0,24.56,0
26.1498,94.6055,15.0,0.494292,1721.0,28.06,1
23.54126729080009,88.42729505606042,7.9,0.477083,1340.0,3.8,0
24.042,92.6724,6.2,0.41675,815.0,9.76,1
27.789008719086826,96.8195861435118,13.9,0.481042,1245.0,6.14,0
27.747621626608172,89.22591389486279,3.0,0.408958,574.0,18.71,0
27.40489120284526,93.51107077677017,4.2,0.467708,396.0,2.34,0
27.3392,88.6188,33.8,0.428042,1892.0,20.15,1
28.141918876144004,94.6989282943338,133.4,0.43075,287.0,10.8,0
22.773807641624312,91.94338795609629,36.1,0.4285,483.0,14.02,0
25.0888,92.8551,16.3,0.479708,244.0,17.37,1
23.526578281103,93.72681632719541,45.9,0.475333,615.0,14.37,0
24.9356,93.8443,8.8,0.473042,850.0,4.7,1
25.51614662,94.2341227,17.0,0.4675,1623.0,31.02,1
26.804766133876882,93.30549969883641,13.5,0.412917,95.0,0.29,0
27.021447623308116,94.14438514399353,35.4,0.465542,1372.0,4.31,0
28.3129163938481,93.66323306131873,0.0,0.355417,91.0,0.27,0
22.93908000555184,95.8381594449205,0.0,0.408667,2758.0,24.01,0
22.52432511021115,92.90912845767174,45.8,0.481708,84.0,12.39,0
28.288896644065943,90.73512433323766,6.9,0.47275,1187.0,12.34,0
25.70242261853895,89.36725577045135,15.0,0.490167,728.0,11.9,0
25.0118,94.3136,3.0,0.415708,1372.0,15.25,1
27.34582536480747,91.79776702296785,17.9,0.422167,1010.0,8.11,0
25.707355383161435,95.33362289259539,14.8,0.423542,801.0,25.11,0
25.7658,93.9413,2.0,0.484333,796.0,22.33,1
26.304969353048925,96.81895375165843,10.3,0.424625,1875.0,37.1,0
24.589259149661107,94.95913123421217,15.1,0.480208,1260.0,8.44,0
23.941146189959063,91.53969699556127,14.8,0.415917,422.0,36.67,0
24.622328998430437,92.57474516931019,10.9,0.423792,149.0,1.02,0
26.0814,94.803,23.0,0.4845,953.0,20.93,1
25.1416,92.3807,48.6,0.465792,172.0,16.38,1
22.479,92.967,0.8,0.393583,472.0,23.77,1
28.325701717223232,91.68932296122418,70.0,0.423417,1516.0,1.0,0
28.26647618991101,95.27211378648094,4.1,0.42325,1822.0,9.63,0
24.876798912076442,88.55998269572571,16.0,0.497042,91.0,6.16,0
23.234419920480036,89.5444229721258,78.2,0.42525,573.0,1.93,0
25.15453250502309,93.24685760434454,29.9,0.471,1408.0,1.99,0
28.538159698716207,89.6625758999793,143.7,0.475708,285.0,14.14,0
25.29510874353914,91.27203247935275,17.9,0.422167,1010.0,8.11,0
27.2333,94.1167,0.0,0.355417,91.0,0.27,1
25.3908,94.0926,20.6,0.493083,1314.0,3.53,1
27.514206986759675,93.68044678491856,0.0,0.349625,151.0,4.42,0
24.600475872119162,93.66245945619873,6.6,0.435375,1347.0,14.73,0
26.1001,91.6849,45.8,0.481708,84.0,12.39,1
24.766825515834533,93.932459263077,18.0,0.464708,231.0,0.68,0
27.0816,88.4397,2.4,0.408083,240.0,7.33,1
26.7223,95.0243,36.3,0.484917,692.0,4.29,1
24.9926,93.4946,4.0,0.423167,1131.0,11.02,1
28.028070643621298,95.83111187752185,24.9,0.426458,1162.0,30.58,0
25.348618198184703,95.8598586162047,12.8,0.487375,1923.0,6.5,0
25.5084,90.2191,21.8,0.476208,300.0,14.29,1
24.837,93.9128,27.2,0.480625,813.0,7.85,1
24.28741436056379,90.85604722993936,79.5,0.487042,288.0,7.48,0
23.591,92.9296,14.8,0.423542,801.0,25.11,1
26.539996746149555,91.37715293146842,57.0,0.491167,872.0,11.42,0
22.558242313187726,95.46852034771385,18.0,0.464708,231.0,0.68,0
25.86130733751805,89.46574602217002,21.0,0.419542,1679.0,26.64,0
23.69845042309563,91.06642044170155,21.8,0.476208,305.0,7.05,0
26.861054914867367,90.06533620820483,13.0,0.422917,1682.0,24.13,0
26.57042765891606,92.94274246259187,7.7,0.498083,68.0,0.48,0
25.16,93.686,2.2,0.401292,1089.0,21.08,1
26.714346648628222,93.03635689964625,13.3,0.474417,1435.0,8.95,0
24.26150474615943,96.43658320436735,26.6,0.479083,1439.0,4.98,0
27.122123651497393,93.36848516282159,17.4,0.42075,1053.0,12.26,0
24.337706461816406,89.38508115057107,8.6,0.422833,922.0,27.04,0
25.570423696117725,88.9108308216674,12.8,0.422792,1043.0,4.91,0
26.98009812473201,95.80574748296151,13.6,0.48225,147.0,5.67,0
25.70223725,94.04619681,7.8,0.4715,1016.0,16.44,1
23.027342733147336,94.5244908992262,3.4,0.4915,85.0,2.86,0
27.352211528256838,90.1461665806223,53.5,0.478458,188.0,9.67,0
28.062971168611384,88.45448662672435,18.4,0.425917,1376.0,9.61,0
28.090619110598055,91.70013766766631,18.4,0.420125,681.0,19.43,0
23.23574718704889,95.44057041133482,42.7,0.472708,50.0,0.39,0
26.609360302276727,93.14745446479925,3.9,0.409833,212.0,7.38,0
27.812129067908288,91.13857340729722,19.7,0.426625,972.0,7.78,0
28.671315514698026,92.48578200819794,7.6,0.48925,269.0,7.72,0
27.398317721882496,89.77549881872302,6.6,0.435375,1148.0,9.42,0
27.125,93.7145,38.8,0.426958,132.0,0.82,1
27.3383,88.6069,12.4,0.424583,1517.0,32.77,1
23.530098304381205,96.27986673867727,8.3,0.425333,993.0,24.4,0
24.7679,93.4108,36.1,0.4285,483.0,14.02,1
24.85389378608903,92.94300085722037,45.8,0.481708,84.0,12.39,0
23.11578311447602,92.78469092252512,18.6,0.470333,1356.0,5.34,0
25.534479921544904,94.14867040565774,0.5,0.385708,3620.0,24.0,0
26.1097,91.7747,45.8,0.482375,60.0,6.41,1
27.626994443763373,95.86211914673717,50.9,0.478542,134.0,0.35,0
25.4788,94.1399,13.3,0.452375,1660.0,8.09,1
27.969278531275567,90.61547642864164,58.2,0.484958,68.0,6.7,0
25.61560252,94.11603493,14.0,0.478833,1634.0,32.42,1
26.1468,91.6469,0.3,0.249125,52.0,4.77,1
28.29812764655526,95.79643204960269,20.6,0.431208,1642.0,26.33,0
24.7339,93.9161,2.5,0.175833,886.0,0.17,1
28.560016620074826,90.61866451932347,14.3,0.425458,846.0,2.74,0
